code,final,baseline,logPOP,dPOP,0-19,20-39,40-59,60-79,80+,d1PHHS,d2PHHS,d3PHHS,d4PHHS,d5PHHS,d6+PHHS,dHHS,dCER,days_since_100+_cases
E06000001,-0.07916797,-0.4099568,-0.27846056,-0.50778526,-0.50170153,-0.40289956,-0.37781253,-0.40595746,-0.37653482,-0.20001987,-0.38814536,-0.51181835,-0.53016454,-0.24404763,-0.40924188,-0.32526472,-0.7616284,0.0087229125
E06000002,0.45693237,-0.4099568,0.0065873708,-0.6370955,-0.3973793,-0.4122938,-0.413776,-0.36567557,-0.1819345,-0.20176421,-0.25688207,-0.70830995,-0.53193694,-0.19982202,-0.26736018,-0.29599103,-0.75591475,0.028237216
E06000003,0.68057483,-0.4099568,-0.018820781,-0.5120534,-0.5895319,-0.4046779,-0.38022837,-0.48233044,-0.4839042,-0.20026273,-0.4587886,-0.5131882,-0.534066,-0.22925626,-0.46287942,-0.3247147,-0.765125,0.025042498
E06000004,0.4492385,-0.4099568,0.39203918,-0.5063746,-0.466716,-0.40306237,-0.37886027,-0.39268407,-0.25438115,-0.20048419,-0.38223687,-0.56592625,-0.5533368,-0.24993822,-0.4267115,-0.29945424,-0.76162285,0.026193943
E06000005,0.072939426,-0.4099568,-0.20689926,-0.51417994,-0.53488857,-0.40367693,-0.3730316,-0.42039818,-0.4388668,-0.20000255,-0.4653335,-0.6690047,-0.5264365,-0.23880804,-0.4371156,-0.3224478,-0.7543549,0.019565
E06000006,0.25011712,-0.4099568,-0.072955206,-0.55446464,-0.45602217,-0.40290937,-0.3757756,-0.41038886,-0.12834972,-0.20200962,-0.3524564,-0.42337516,-0.5599107,-0.25590056,-0.41909525,-0.31161323,-0.7740145,0.025042498
E06000007,0.5372126,-0.4099568,0.4746113,-0.51761556,-0.52530205,-0.40301707,-0.37663943,-0.39582694,-0.23598322,-0.20214495,-0.39894062,-0.5632055,-0.57982713,-0.24638432,-0.45619693,-0.3139945,-0.75575954,0.028237216
E06000008,1.2744834,-0.4099568,0.063003816,-0.51307625,-0.39987835,-0.40513918,-0.39052224,-0.3548329,-0.01525524,-0.20169029,0.031116096,-0.7679845,-0.5230082,-0.0257106,0.2845443,-0.18494512,-0.7551809,0.022478545
E06000009,0.22818832,-0.4099568,-0.0016687129,-0.73796797,-0.550838,-0.4035044,-0.37352574,-0.4286876,-0.40956107,-0.20420465,-0.3890625,-0.7267438,-0.51163256,-0.24007462,-0.40489468,-0.28834745,-0.79079396,0.021065347
E06000010,1.212269,-0.4099568,0.7997111,-0.7171506,-0.4654312,-0.43476862,-0.40797934,-0.35594556,-0.081713974,-0.20117068,-0.31191275,-0.69972676,-0.5303142,-0.25480133,-0.34924498,-0.32449138,-0.7542335,0.017977174
E06000011,1.5359898,-0.4099568,1.2349534,-0.7958317,-0.71620464,-0.41576788,-0.37398148,-0.59741557,-0.6814322,-0.20154497,-0.51873565,-0.74866486,-0.54043555,-0.21762633,-0.47035396,-0.3243538,-0.7662636,0.026193943
E06000012,0.2980281,-0.4099568,0.13700166,-0.50214916,-0.5010096,-0.40316692,-0.38160986,-0.41946128,-0.44706914,-0.20048997,-0.46395916,-0.6983452,-0.52975804,-0.25149664,-0.4159927,-0.32548723,-0.757686,-0.00025899347
E06000013,0.30419174,-0.4099568,0.22039497,-0.683103,-0.56220794,-0.40435055,-0.37407637,-0.4564071,-0.38366452,-0.20104317,-0.46841702,-0.6358,-0.539064,-0.25345358,-0.38927272,-0.3105009,-0.7611173,0.017977174
E06000014,0.28633818,-0.4099568,0.4769085,-0.50157154,-0.6437832,-0.43328065,-0.41291347,-0.37241215,-0.37871203,-0.201836,-0.46522838,-0.7660714,-0.5255012,-0.23650582,-0.3899032,-0.32509908,-0.8643985,0.021065347
E06000015,0.9093676,-0.4099568,0.7786388,-0.6905922,-0.39152336,-0.40998214,-0.39961043,-0.3560274,-0.278346,-0.20188805,-0.2700963,-0.7674097,-0.54112875,-0.23965077,-0.19180028,-0.2910589,-0.7558457,0.032692056
E06000016,1.9898357,-0.4099568,1.3109647,-0.7924615,-0.37290534,-0.48328224,-0.41584998,-0.36306584,0.022097852,-0.19875595,0.31042558,-0.76259804,-0.5437336,-0.043641955,0.3334904,-0.12170809,-0.7991833,0.031291537
E06000017,-2.3319283,-0.4099568,-0.38661754,-0.91037196,-0.6327783,-0.41049007,-0.37432227,-0.5309797,-0.68818676,-0.19688766,-0.4893705,-0.7655008,-0.5224413,-0.22142845,-0.48857704,-0.32435715,-1.1553146,-0.7267117
E06000018,1.9717818,-0.4099568,1.1919594,-0.7655826,-0.39827618,-0.56160116,-0.3991872,-0.37202626,0.02266262,-0.20027061,-0.1313559,-0.7712914,-0.49941793,-0.2254103,-0.098526016,-0.32300743,-0.96079904,0.030656887
E06000019,-0.61457866,-0.4099568,0.35752127,-0.9789729,-0.7052641,-0.40689668,-0.37743148,-0.5379264,-0.6543304,-0.20218065,-0.4914479,-0.7677847,-0.53693324,-0.25583872,-0.41370273,-0.321455,-0.75454193,0.016302213
E06000020,0.2668167,-0.4099568,0.26005477,-0.5068229,-0.41706994,-0.40333965,-0.37618166,-0.3787695,-0.097065434,-0.18105501,-0.34863776,-0.62192905,-0.5563871,-0.18661368,-0.340588,-0.24218827,-0.75421363,0.021065347
E06000021,1.3650606,-0.4099568,0.770455,-0.6489706,-0.43033302,-0.40896356,-0.40218142,-0.3751591,-0.15123121,-0.20003015,-0.35734397,-0.6289392,-0.5255287,-0.25544408,-0.32919306,-0.32430646,-0.7567769,0.026193943
E06000022,0.03823566,-0.4099568,0.35751492,-0.51238537,-0.55969995,-0.41615352,-0.41205528,-0.37964776,-0.42261186,-0.20175117,-0.39992025,-0.7671934,-0.5591256,-0.25349846,-0.42127842,-0.32015055,-0.83521557,0.017977174
E06000023,1.895713,-0.4099568,1.7560467,-0.7529939,-0.5275416,-0.57277256,-0.4119562,-0.36103857,-0.056916293,-0.19999382,-0.34100568,-0.76917547,-0.5228751,-0.25537777,-0.2481499,-0.32371452,-0.7678723,0.031291537
E06000024,0.23376492,-0.4099568,0.50356114,-0.51050603,-0.5936193,-0.40964225,-0.3728122,-0.4926726,-0.67229766,-0.20086838,-0.48968163,-0.77084315,-0.5451321,-0.24710242,-0.450919,-0.32539874,-0.7546539,0.017977174
E06000025,0.2033574,-0.4099568,0.9295257,-0.51085603,-0.5268782,-0.40370557,-0.3746895,-0.3826868,-0.35135114,-0.19548294,-0.4006738,-0.74187243,-0.6390476,-0.25366962,-0.44404185,-0.2852711,-0.7577121,0.029129025
E06000026,0.53310895,-0.4099568,0.81452054,-0.6899819,-0.5426107,-0.41462898,-0.40665263,-0.38118207,-0.3049993,-0.20086698,-0.4172746,-0.74166757,-0.52477616,-0.25590056,-0.3407753,-0.3230138,-0.7637525,0.025042498
E06000027,-0.8245364,-0.4099568,-0.025011798,-0.5998957,-0.7061819,-0.41203982,-0.38074026,-0.59176624,-0.8165676,-0.20097667,-0.50700486,-0.7710755,-0.5111868,-0.23576401,-0.41085237,-0.3022294,-0.7695581,0.012687721
E06000030,0.55289567,-0.4099568,0.5565497,-0.5065182,-0.441393,-0.40327546,-0.37747636,-0.3617135,-0.1437523,-0.20208691,-0.38088328,-0.6668026,-0.5655795,-0.25589374,-0.37663475,-0.30857608,-0.7852888,0.022478545
E06000031,0.5289697,-0.4099568,0.41779664,-0.50909775,-0.37442473,-0.4091481,-0.39455944,-0.35342634,-0.115826,-0.20093966,-0.24932867,-0.734528,-0.53952837,-0.21604364,-0.13303046,-0.25060526,-0.7591288,0.019565
E06000032,0.76196814,-0.4099568,0.5048152,-0.7989265,-0.4441438,-0.4244157,-0.4123987,-0.36451614,-0.05366208,-0.1789153,0.31722724,-0.7712929,-0.5322796,0.013470668,0.6788981,-0.033229746,-0.76079607,0.030656887
E06000033,-0.12022582,-0.4099557,0.29192063,-0.7612588,-0.502847,-0.40297866,-0.372489,-0.38631874,-0.43201682,-0.20010903,-0.35770097,-0.7486912,-0.5453592,-0.2522151,-0.3665197,-0.32323262,-0.755265,0.028236866
E06000034,-0.0866564,-0.4099557,0.22395542,-0.511366,-0.3755582,-0.40667167,-0.3747646,-0.3533166,0.008309859,-0.1878559,-0.11471631,-0.5799946,-0.67344636,-0.13282418,-0.34375328,-0.20378874,-0.8748411,0.028236866
E06000035,1.0485271,-0.4099568,0.9018235,-0.53833234,-0.40593785,-0.40624171,-0.38039204,-0.36322507,-0.087962426,-0.19837855,-0.23013262,-0.61592966,-0.57997966,-0.2178612,-0.3221548,-0.25653943,-0.7544604,0.030656887
E06000036,-0.7963126,-0.4099568,-0.11595639,-0.51489544,-0.4063044,-0.40372145,-0.3823733,-0.35469607,-0.067888565,-0.19894269,-0.29402792,-0.68445826,-0.6512018,-0.25582054,-0.42542872,-0.28216588,-0.78075427,0.019565
E06000037,-0.72760516,-0.4099568,0.1281642,-0.6562618,-0.44734883,-0.40775964,-0.39146936,-0.4061243,-0.26411492,-0.18981622,-0.3922748,-0.716651,-0.62162834,-0.25470993,-0.418311,-0.27345487,-0.76136976,0.026193943
E06000038,0.02602189,-0.4099568,0.16012247,-0.744488,-0.4003962,-0.46373403,-0.40611807,-0.36518514,-0.024647145,-0.20216422,-0.21762249,-0.7549632,-0.5304638,-0.23082116,-0.1759138,-0.2832975,-0.80530006,0.02725967
E06000039,0.3180472,-0.4099568,0.06415383,-0.7719505,-0.62899834,-0.41731727,-0.386253,-0.3839435,0.12080599,-0.18632384,0.59113675,-0.77129513,-0.55223376,0.20924215,0.64717543,-0.0020836974,-0.86671877,0.03184362
E06000040,-0.4684054,-0.4099568,0.07630299,-0.5015744,-0.43357933,-0.40561062,-0.38720945,-0.37498236,-0.43238476,-0.20034838,-0.28693348,-0.7563896,-0.5963509,-0.23906334,-0.35701492,-0.27462086,-0.7829981,0.028237216
E06000041,-0.51583725,-0.4099568,0.19281946,-0.50536114,-0.39748284,-0.406241,-0.39145878,-0.37317258,-0.29159787,-0.14506042,-0.31810594,-0.733953,-0.7400501,-0.22943608,-0.4108845,-0.20532992,-0.75797695,0.02725967
E06000042,0.2764346,-0.4099568,0.84744817,-0.50298935,-0.3737355,-0.40511656,-0.37344638,-0.35381034,0.028956918,-0.18552949,-0.23095736,-0.6322626,-0.5940364,-0.18929873,-0.28487042,-0.2164516,-0.7630602,0.031291537
E06000043,0.24503072,-0.4099568,0.9736945,-0.7051031,-0.6958296,-0.5069125,-0.3836465,-0.35870773,-0.08853814,-0.20262867,-0.3806794,-0.7621384,-0.5201512,-0.25446424,-0.39161637,-0.31154084,-0.78315616,0.028237216
E06000044,0.42855683,-0.4099568,0.5115675,-0.8208728,-0.4801629,-0.47162756,-0.41659126,-0.35398865,-0.09531997,-0.20085305,-0.25528264,-0.7242532,-0.5316609,-0.20169991,-0.3305884,-0.31261918,-0.78006613,0.026193943
E06000045,0.4594517,-0.4099568,0.7518337,-0.80324036,-0.4887914,-0.5375197,-0.41291946,-0.35688955,-0.047941353,-0.20011853,-0.21616487,-0.7702581,-0.5226514,-0.23138633,-0.22817479,-0.31734598,-0.84578884,0.029935114
E06000046,-1.3913683,-0.4099568,0.013215442,-0.55524534,-0.79536855,-0.41445062,-0.37871033,-0.66607577,-0.80872184,-0.19999543,-0.5125845,-0.77010435,-0.51121646,-0.2294291,-0.41183,-0.31113,-0.81857586,-0.016348539
E06000049,1.3599417,-0.4099568,1.4287254,-0.5765868,-0.61091554,-0.4100615,-0.37915486,-0.47681993,-0.58265465,-0.20177355,-0.45958522,-0.6637653,-0.55974126,-0.23218882,-0.45979875,-0.32393906,-0.7543885,0.029935114
E06000050,1.242364,-0.4099568,1.2393651,-0.5557033,-0.5977447,-0.40441924,-0.37261683,-0.4509201,-0.4645126,-0.2018907,-0.4501163,-0.67473894,-0.5526321,-0.24977341,-0.4299827,-0.3213768,-0.75942934,0.029935114
E06000051,0.42859718,-0.4099568,1.136235,-0.9252083,-0.70302624,-0.40924484,-0.37249643,-0.53665847,-0.6277194,-0.20218138,-0.48289096,-0.76809627,-0.53705037,-0.25512677,-0.43393126,-0.32273588,-0.78650695,0.029935114
E06000054,0.07824725,-0.4099568,1.8718238,-0.76877123,-0.5271087,-0.40723634,-0.37349275,-0.44225737,-0.48071915,-0.19704336,-0.4648326,-0.7573935,-0.5594739,-0.25589746,-0.44013137,-0.30602428,-0.7980956,0.029935114
E06000055,0.09120614,-0.4099568,0.21777959,-0.5601874,-0.40676686,-0.40300936,-0.37296984,-0.3722489,-0.31616455,-0.20132618,-0.2687512,-0.7021691,-0.5486251,-0.22939056,-0.2756258,-0.27377394,-0.7619387,0.028237216
E06000056,0.47832772,-0.4099568,0.9350528,-0.5464918,-0.48907995,-0.40289664,-0.37413672,-0.3861012,-0.21413353,-0.19218975,-0.39243388,-0.5790947,-0.62067443,-0.2548645,-0.43791613,-0.27790827,-0.76194996,0.029935114
E06000057,1.0325625,-0.4099568,1.136235,-1.1259112,-0.73558676,-0.40979916,-0.37249818,-0.57241863,-0.5547208,-0.20130543,-0.5121016,-0.7271294,-0.531116,-0.22187464,-0.4739861,-0.32501426,-0.7544397,0.028237216
E06000058,0.81225705,-0.4099568,1.4939768,-0.6252979,-0.64213693,-0.40338224,-0.3870108,-0.4144538,-0.67154926,-0.2002321,-0.46156457,-0.7707676,-0.5236351,-0.2505698,-0.39418614,-0.3206257,-0.7589745,0.02725967
E06000059,0.14749236,-0.4099568,1.4094752,-0.772852,-0.7638818,-0.4182939,-0.37866762,-0.66760767,-0.9401599,-0.20202233,-0.5301467,-0.76023376,-0.5239012,-0.23628041,-0.44651252,-0.3244596,-0.7841808,0.02725967
E06000060,0.5513528,-0.4099568,1.9973073,-0.56720287,-0.4258973,-0.40543494,-0.3764666,-0.38501617,-0.394247,-0.1863083,-0.32046592,-0.76839256,-0.6144804,-0.2072126,-0.31431392,-0.23524038,-0.75571537,0.03334154
E07000026,-0.7212879,-0.4099568,-0.2565473,-1.0297134,-0.71054095,-0.40974438,-0.37268427,-0.54350024,-0.61634964,-0.20048241,-0.49003017,-0.7508418,-0.5405521,-0.2408379,-0.4682939,-0.32464465,-0.7542201,0.019565
E07000027,-0.57715875,-0.4099568,-0.37950057,-0.50276536,-0.62311536,-0.40418792,-0.37252164,-0.46762833,-0.3657982,-0.20136468,-0.44498393,-0.65145576,-0.5323162,-0.21247745,-0.457478,-0.31264937,-0.76140916,0.031291537
E07000028,-0.22541526,-0.4099568,-0.19640985,-0.90883166,-0.6314254,-0.4042096,-0.37267926,-0.45691293,-0.5004117,-0.20074344,-0.46882448,-0.7471177,-0.53620386,-0.22040585,-0.45764205,-0.3141793,-0.7555156,0.028237216
E07000029,-0.79058146,-0.4099568,-0.37619057,-0.9538947,-0.70523417,-0.4063958,-0.37389818,-0.5083151,-0.46255013,-0.20117706,-0.46991694,-0.7275411,-0.5375314,-0.25371492,-0.45797786,-0.32535592,-0.75754845,0.021065347
E07000030,-1.6704417,-0.4099568,-0.40013197,-1.6399846,-0.8375882,-0.41651654,-0.37780562,-0.6396976,-0.7398294,-0.20110877,-0.518312,-0.76597804,-0.5374029,-0.24066015,-0.468537,-0.32441682,-0.7582362,-0.050039917
E07000031,-0.63796514,-0.4099568,-0.21843502,-1.0950649,-0.85562944,-0.41834253,-0.37313035,-0.6661413,-0.88725424,-0.20002022,-0.53171617,-0.74881375,-0.52026063,-0.19313118,-0.48549208,-0.2964382,-0.7972865,0.032692056
E07000032,-0.11349744,-0.4099568,-0.08422919,-0.5245995,-0.69166803,-0.40602088,-0.37860584,-0.49020064,-0.39046115,-0.20201099,-0.5009497,-0.6910587,-0.55146915,-0.22826612,-0.45054045,-0.32188693,-0.76370054,0.0087229125
E07000033,-0.3703005,-0.4099568,-0.33961263,-0.5209697,-0.6205853,-0.40328148,-0.37506795,-0.43632272,-0.2715067,-0.20204827,-0.48009875,-0.5902815,-0.5355757,-0.24775597,-0.44643626,-0.32324955,-0.769399,-0.0027238103
E07000034,-0.34715596,-0.4099557,-0.21789458,-0.55103713,-0.68087465,-0.40312913,-0.3728304,-0.44618946,-0.4206914,-0.20019993,-0.49314755,-0.660524,-0.52469426,-0.21082875,-0.4685014,-0.3134082,-0.76003236,0.017977174
E07000035,-1.3628803,-0.4099557,-0.36598933,-0.9657942,-0.8347506,-0.42034224,-0.39170608,-0.6498655,-0.74960154,-0.20207208,-0.52117854,-0.76112664,-0.5386603,-0.250677,-0.47137994,-0.3254725,-0.768794,-0.010637522
E07000036,0.11028156,-0.4099568,-0.15418753,-0.5108754,-0.61056596,-0.40320897,-0.37423906,-0.4139064,-0.44994807,-0.20195915,-0.48519164,-0.5288489,-0.5455784,-0.20032248,-0.4695718,-0.32511818,-0.761176,0.010748887
E07000037,-0.64800066,-0.4099568,-0.28350726,-0.73320043,-0.6635621,-0.40582794,-0.38659096,-0.47071707,-0.31250888,-0.20208566,-0.46057576,-0.7116699,-0.56616235,-0.2530089,-0.4617508,-0.32055023,-0.75781333,0.0066084093
E07000038,-0.34319508,-0.4099568,-0.2373001,-0.55771655,-0.74924284,-0.4088841,-0.37267753,-0.5631412,-0.543508,-0.20218013,-0.50852567,-0.650712,-0.5564528,-0.19658874,-0.48059902,-0.3248821,-0.7686371,0.021065347
E07000039,-0.53777903,-0.4099568,-0.2186541,-0.58654743,-0.52282697,-0.40309992,-0.3792826,-0.40011862,-0.16501749,-0.19231671,-0.44552854,-0.6544453,-0.58401775,-0.25526252,-0.43969566,-0.29300797,-0.75504446,0.019565
E07000040,-0.97081083,-0.4099568,0.0318315,-0.7223855,-0.7865653,-0.41876638,-0.39043155,-0.6858215,-1.0686729,-0.20033376,-0.53646743,-0.7338309,-0.5183153,-0.23249994,-0.4534881,-0.31224787,-0.7645469,0.0044060587
E07000041,-0.24698885,-0.4099568,-0.06003877,-0.6508829,-0.6450314,-0.52505267,-0.4127932,-0.35381842,-0.2652067,-0.20010534,-0.333181,-0.76829094,-0.52513903,-0.25491875,-0.34171277,-0.32534692,-0.94900715,0.012687721
E07000042,-1.6626605,-0.4099568,-0.33100206,-0.9724162,-0.55473554,-0.4118133,-0.3724907,-0.5093862,-0.5520659,-0.20088342,-0.48489463,-0.76455516,-0.5417416,-0.24899688,-0.40409452,-0.31121063,-0.75641185,-0.05387348
E07000043,-1.7056677,-0.4099568,-0.2639204,-0.97713983,-0.66299534,-0.41113773,-0.37505352,-0.55368835,-0.71540487,-0.2019512,-0.49318,-0.769153,-0.52633625,-0.2558842,-0.38300633,-0.3239925,-0.7695045,-0.05387348
E07000044,-2.1526408,-0.4099568,-0.31165713,-0.9371216,-0.7776424,-0.42106742,-0.37248576,-0.7024553,-0.7754587,-0.20065679,-0.530266,-0.7620911,-0.5240428,-0.23433268,-0.4429351,-0.31993788,-0.7542027,-0.73653495
E07000045,-1.1312838,-0.4099568,-0.044294562,-0.69168276,-0.75334954,-0.4135233,-0.37282735,-0.6015225,-0.7739443,-0.20137106,-0.5141949,-0.7712592,-0.5265759,-0.23317502,-0.43438572,-0.32468367,-0.77144355,-0.0106378775
E07000046,-2.4108043,-0.4099568,-0.3769328,-1.087474,-0.75461054,-0.41673616,-0.37476882,-0.67678237,-0.7058632,-0.20120102,-0.52546877,-0.7613192,-0.5212733,-0.25156543,-0.40248823,-0.32469526,-0.7542624,-1.4410015
E07000047,-2.4757206,-0.4099568,-0.39875752,-1.2708497,-0.7778939,-0.41922444,-0.37261155,-0.67205596,-0.7723274,-0.2020147,-0.5217288,-0.7406108,-0.5262854,-0.25493956,-0.4264074,-0.32439104,-0.8063194,-1.3727952
E07000061,-1.4201491,-0.4099568,-0.22610196,-0.6158606,-0.63778883,-0.40602,-0.38959008,-0.47549304,-0.9494548,-0.2030457,-0.47206247,-0.7690375,-0.51440805,-0.24178815,-0.3988163,-0.29583272,-0.77081776,-0.005275044
E07000062,-1.8252859,-0.4099568,-0.28038317,-0.6756003,-0.5478324,-0.4032843,-0.3726895,-0.4210945,-0.3631828,-0.20421313,-0.40097222,-0.76332545,-0.5049628,-0.24471636,-0.2960194,-0.29294765,-0.75660837,-0.11609978
E07000063,-1.062329,-0.4099568,-0.22840941,-0.5640412,-0.6398923,-0.41344458,-0.37316912,-0.5283594,-0.8668445,-0.20135695,-0.48848084,-0.76831776,-0.53555983,-0.2546374,-0.43085343,-0.32534248,-0.75483394,0.010748887
E07000064,-1.6241184,-0.4099568,-0.26625708,-0.70521736,-0.8731203,-0.42168835,-0.39207986,-0.76533437,-1.1012651,-0.2008305,-0.5278951,-0.7249173,-0.49784958,-0.22095439,-0.3485309,-0.2963431,-0.78048253,-0.035544913
E07000065,-0.78920376,-0.4099568,0.1394195,-0.6986476,-0.66582304,-0.41670057,-0.37279156,-0.57389355,-0.77991426,-0.20105603,-0.49633268,-0.76923674,-0.54861903,-0.2559002,-0.4139906,-0.31623998,-0.7610888,0.016302213
E07000066,0.3048412,-0.4099568,0.3150919,-0.5599173,-0.41816157,-0.40344125,-0.37695953,-0.3682679,-0.26011565,-0.20217729,-0.304952,-0.68086123,-0.60301346,-0.24303243,-0.38993916,-0.29402372,-0.7826195,0.028237216
E07000067,-0.29702723,-0.4099568,0.08074535,-0.6331745,-0.5168695,-0.40525624,-0.37423342,-0.4263556,-0.35233998,-0.19906613,-0.41716838,-0.6889701,-0.58713275,-0.24718013,-0.43798602,-0.2939729,-0.7573582,0.016302213
E07000068,-1.0670865,-0.4099568,-0.3507318,-0.5203922,-0.5465891,-0.40468705,-0.37757623,-0.39331448,-0.6406483,-0.2020616,-0.34754416,-0.75348437,-0.6691789,-0.24166563,-0.45262977,-0.29696462,-0.75744736,0.019565
E07000069,-0.7945283,-0.4099568,-0.29390356,-0.58675236,-0.6748087,-0.40804273,-0.38095686,-0.55624294,-0.6325464,-0.1949625,-0.4461276,-0.73045826,-0.58045447,-0.23310907,-0.41894954,-0.28568846,-0.77570295,0.010748887
E07000070,-0.060633786,-0.4099568,0.25512916,-0.5168083,-0.52678794,-0.40288863,-0.37252024,-0.39185804,-0.39067072,-0.19991933,-0.3967327,-0.73113203,-0.6161358,-0.245095,-0.44107798,-0.29434022,-0.7549649,0.028237216
E07000071,0.14910941,-0.4099568,0.3603402,-0.50918806,-0.5007493,-0.41525012,-0.39461273,-0.36657533,-0.20481499,-0.20207815,-0.4011299,-0.7365206,-0.5529198,-0.25549415,-0.4309042,-0.3146979,-0.84103215,0.017977174
E07000072,-0.118110664,-0.4099568,-0.055430602,-0.54976565,-0.5425867,-0.40345666,-0.3742271,-0.39657402,-0.47475183,-0.20218085,-0.31389847,-0.68860877,-0.608255,-0.23661664,-0.41260403,-0.29798356,-0.76701987,0.029935114
E07000073,-0.99372745,-0.4099568,-0.30998644,-0.6523272,-0.37632188,-0.4063568,-0.3885151,-0.35501376,-0.22758506,-0.20155466,-0.2851178,-0.56490755,-0.5827428,-0.24805796,-0.39181572,-0.3060292,-0.822613,0.026193943
E07000074,-1.8633292,-0.4099568,-0.3857629,-0.7187551,-0.7130648,-0.41552356,-0.38060638,-0.590418,-0.5505389,-0.19904147,-0.46657664,-0.75449604,-0.59318405,-0.25386193,-0.43875122,-0.30191725,-0.76671934,-0.028803816
E07000075,-1.1969615,-0.4099568,-0.308242,-0.5179968,-0.6540356,-0.40773764,-0.37515646,-0.48131064,-0.5786018,-0.17093863,-0.4096929,-0.75978285,-0.69631505,-0.21631952,-0.43540913,-0.24737133,-0.77060777,-0.0027238103
E07000076,-0.53353465,-0.4099568,0.041822102,-0.5356518,-0.72944176,-0.41636845,-0.4013989,-0.696156,-0.9411544,-0.20023635,-0.51948214,-0.7680655,-0.5119975,-0.24296798,-0.3903692,-0.31058133,-0.75422025,0.019565
E07000077,-1.184625,-0.4099568,-0.29811385,-0.80098593,-0.46662286,-0.40916595,-0.3972432,-0.4082012,-0.38256246,-0.15294941,-0.36298507,-0.7578137,-0.6757208,-0.1577341,-0.4188903,-0.21679452,-0.7549833,0.002116573
E07000078,-0.8965976,-0.4099568,-0.14441667,-0.6280127,-0.57390255,-0.40679872,-0.38811293,-0.38258663,-0.48464397,-0.2008287,-0.43789968,-0.7632949,-0.52811545,-0.24676211,-0.41601455,-0.31601334,-0.8070002,0.025042498
E07000079,-1.4302212,-0.4099557,-0.29884896,-1.0420212,-0.7288551,-0.4156579,-0.37794602,-0.57215536,-0.7464986,-0.20112148,-0.51537985,-0.7657219,-0.5357599,-0.24621855,-0.4615162,-0.32464328,-0.75892097,-0.00025828544
E07000080,-1.1347883,-0.4099557,-0.31021538,-0.7453852,-0.65843636,-0.41222253,-0.3726984,-0.56602424,-0.5130714,-0.19913314,-0.49151173,-0.770031,-0.5383953,-0.25541413,-0.41407946,-0.31300327,-0.7747121,-0.016348539
E07000081,-0.30862164,-0.4099568,-0.06744504,-0.6799639,-0.43852302,-0.40508905,-0.3770304,-0.36527768,-0.21192947,-0.20210512,-0.32899755,-0.6931379,-0.565312,-0.24364172,-0.36088797,-0.29607186,-0.7541551,0.021065347
E07000082,-0.8091174,-0.4099568,-0.13252604,-0.6236519,-0.5971133,-0.4124568,-0.38929072,-0.49181822,-0.4762997,-0.20195141,-0.48205984,-0.7693391,-0.5689451,-0.25345504,-0.4255349,-0.31504983,-0.7566022,0.017977174
E07000083,-0.843576,-0.4099568,-0.28164858,-0.65796584,-0.57604706,-0.4059717,-0.37274557,-0.4604926,-0.5187191,-0.20206918,-0.502952,-0.76606184,-0.55587167,-0.2522164,-0.44432658,-0.3212292,-0.75786144,0.012687721
E07000084,-0.10890567,-0.4099568,0.24589273,-0.6082306,-0.4620561,-0.40296674,-0.38130248,-0.37547687,-0.1712536,-0.19594255,-0.4176936,-0.67249656,-0.59423685,-0.25345612,-0.41011536,-0.28486305,-0.7681731,0.03184362
E07000085,-0.70060885,-0.4099568,-0.122186564,-0.64589304,-0.5738407,-0.41476074,-0.38309094,-0.48988375,-0.64836866,-0.19077565,-0.44657272,-0.758538,-0.5923563,-0.25425893,-0.4172007,-0.28766152,-0.7614088,0.019565
E07000086,-0.26059133,-0.4099568,-0.050989658,-0.5563374,-0.5215812,-0.40318683,-0.37250894,-0.40290803,-0.40086547,-0.19817576,-0.43681493,-0.6911064,-0.6116177,-0.25519517,-0.43493703,-0.29593953,-0.772663,0.019565
E07000087,-0.49608782,-0.4099568,-0.14901459,-0.5499311,-0.6715029,-0.40773234,-0.37379837,-0.4794351,-0.6860182,-0.19157158,-0.49479216,-0.70284575,-0.5755773,-0.24241456,-0.45074084,-0.30428398,-0.75434333,0.019565
E07000088,-1.1026207,-0.4099568,-0.31580704,-0.6988697,-0.5248592,-0.40295494,-0.3777977,-0.4158193,-0.40342095,-0.20176862,-0.45520347,-0.70466614,-0.5319348,-0.25476927,-0.39598435,-0.32061654,-0.75806046,-0.007913064
E07000089,-1.2877393,-0.4099568,-0.26297498,-0.5313582,-0.46236494,-0.40882173,-0.4028346,-0.39992428,-0.3795562,-0.12377313,-0.35365337,-0.7377767,-0.7702273,-0.23313765,-0.43939227,-0.20322658,-0.7629773,0.0087229125
E07000090,-0.53232783,-0.4099568,-0.08976228,-0.61108196,-0.6090825,-0.40599746,-0.38078362,-0.48192638,-0.7085101,-0.20215815,-0.4783812,-0.74641454,-0.5297308,-0.2558435,-0.35389128,-0.3165364,-0.758121,0.021065347
E07000091,-0.6332585,-0.4099568,0.27341357,-0.64187336,-0.7807347,-0.41727358,-0.3787615,-0.62856686,-1.0537633,-0.20201121,-0.5245629,-0.77096844,-0.53161687,-0.22786509,-0.44707632,-0.32541558,-0.75529915,0.021065347
E07000092,-0.6111793,-0.4099568,-0.26888657,-0.6237527,-0.47549856,-0.41177538,-0.37448147,-0.35367855,-0.060406152,-0.17621686,-0.16355982,-0.7033606,-0.6307496,-0.21310207,-0.2740777,-0.19206771,-0.7691578,0.022478545
E07000093,-0.75018144,-0.4099568,-0.09386952,-0.68857193,-0.54857814,-0.40810624,-0.37663487,-0.44541264,-0.51128775,-0.18364166,-0.47272533,-0.76321167,-0.5986863,-0.25588918,-0.42435375,-0.28326595,-0.75573677,0.022478545
E07000094,-0.9272665,-0.4099568,-0.09942695,-0.7050457,-0.47555023,-0.40657184,-0.37325734,-0.42316335,-0.57592994,-0.19706398,-0.41048205,-0.7495596,-0.58004457,-0.2487541,-0.415514,-0.29776087,-0.91198915,0.028237216
E07000095,-0.58415496,-0.4099568,-0.25995037,-0.5779726,-0.44379303,-0.40299335,-0.37358928,-0.37033403,-0.35509998,-0.19412707,-0.19280653,-0.6033726,-0.71443933,-0.1978951,-0.39816958,-0.2375076,-0.95987225,0.021065347
E07000096,-0.16687693,-0.4099568,0.099218875,-0.501903,-0.4518847,-0.4028847,-0.37346244,-0.36979824,-0.30827433,-0.20193008,-0.332727,-0.72708774,-0.6210802,-0.24157394,-0.42459717,-0.2946032,-0.7541795,0.02725967
E07000098,-0.54854053,-0.4099568,-0.22027043,-0.50986046,-0.402661,-0.4036625,-0.37250087,-0.37112796,-0.42883033,-0.19833271,-0.11608114,-0.7224311,-0.6779766,-0.15158898,-0.36508733,-0.23745185,-0.7559245,0.029935114
E07000099,-0.3535808,-0.4099568,-0.041874956,-0.5625194,-0.49710196,-0.403697,-0.37775764,-0.38297322,-0.44601303,-0.20216978,-0.3871283,-0.7142378,-0.60230505,-0.25331423,-0.4339461,-0.3070471,-0.75911206,0.012687721
E07000102,-0.7384659,-0.4099568,-0.27944165,-0.51062316,-0.44112137,-0.4047049,-0.38449517,-0.37323537,-0.42005682,-0.19838756,-0.20123443,-0.7336061,-0.7016,-0.19461241,-0.38834906,-0.24923763,-0.75577813,0.022478545
E07000103,-0.8011693,-0.4099568,-0.2605169,-0.7773302,-0.3783443,-0.41674566,-0.37623242,-0.35857183,-0.08672565,-0.20197943,-0.08107769,-0.7456491,-0.5710808,-0.16366439,-0.18223614,-0.26112545,-0.7673705,0.028237216
E07000105,-0.3976218,-0.4099568,-0.0674708,-0.6592817,-0.4202714,-0.40488052,-0.37248477,-0.4002915,-0.29932228,-0.18776406,-0.38553414,-0.7155578,-0.58263534,-0.21006103,-0.3604611,-0.25688902,-0.7636802,0.022478545
E07000106,-0.03157694,-0.4099568,0.16936171,-0.51532656,-0.59209037,-0.4197074,-0.41881406,-0.40667626,-0.47298977,-0.20197642,-0.3610544,-0.7641128,-0.5282386,-0.24312243,-0.35265082,-0.31090245,-1.0029558,0.022478545
E07000107,-0.62601507,-0.4099568,-0.18870263,-0.54413414,-0.3847873,-0.4100252,-0.3755407,-0.3534881,-0.12677146,-0.20196623,-0.27103645,-0.70621985,-0.6166964,-0.22634064,-0.38091984,-0.28408992,-0.7584875,0.028237216
E07000108,-0.40199813,-0.4099568,-0.14515856,-0.5557001,-0.6393846,-0.40748292,-0.37453565,-0.52058893,-0.53831047,-0.20046407,-0.46580157,-0.7439964,-0.5162849,-0.24232426,-0.30997452,-0.32547393,-0.760299,0.012687721
E07000109,-0.1759424,-0.4099568,-0.20793289,-0.51231676,-0.3963919,-0.40289074,-0.3750002,-0.36756673,-0.29403016,-0.19639137,-0.17325874,-0.71794516,-0.580802,-0.14985119,-0.20892265,-0.21806824,-0.77243596,0.022478545
E07000110,-0.29733372,-0.4099568,0.20635462,-0.5353562,-0.4758448,-0.40299252,-0.37357762,-0.39396802,-0.35028124,-0.19180438,-0.42956033,-0.7189616,-0.58686,-0.25563723,-0.40976685,-0.28332147,-0.757535,0.022478545
E07000111,-0.89659095,-0.4099568,-0.12460721,-0.57689935,-0.4649368,-0.41008335,-0.37464768,-0.43085274,-0.543914,-0.19746414,-0.3752218,-0.76692057,-0.6600282,-0.23330805,-0.4161575,-0.27655983,-0.7562945,0.021065347
E07000112,-0.8029477,-0.4099568,-0.17173329,-0.5828725,-0.6901306,-0.40787533,-0.37376106,-0.5309171,-0.63031274,-0.20004588,-0.46280313,-0.7705553,-0.5120956,-0.25573295,-0.30543968,-0.3240912,-0.7548555,0.0066084093
E07000113,-0.11209372,-0.4099568,0.060145006,-0.5461454,-0.4469916,-0.4031286,-0.3782457,-0.41319597,-0.22168687,-0.19826446,-0.3830962,-0.66485673,-0.55029905,-0.23734976,-0.3727604,-0.28668126,-0.7597184,0.021065347
E07000114,-0.05562367,-0.4099568,0.015094619,-0.5338825,-0.5287682,-0.406286,-0.3952901,-0.5017924,-0.57422525,-0.20092474,-0.43874106,-0.76001143,-0.5162182,-0.25158447,-0.3466162,-0.31911984,-0.7559844,0.022478545
E07000115,-0.61944854,-0.4099557,-0.059520204,-0.51380855,-0.42257735,-0.40612438,-0.37928084,-0.39103547,-0.3208471,-0.16467534,-0.37539855,-0.724994,-0.66432995,-0.22328295,-0.41017005,-0.23183171,-0.7554528,0.016302213
E07000116,-0.63792473,-0.4099557,-0.13849024,-0.56188816,-0.44367135,-0.40723965,-0.388469,-0.38604084,-0.4658559,-0.20188174,-0.347662,-0.76646376,-0.55622655,-0.228758,-0.31793258,-0.29380128,-0.7670395,0.004406403
E07000117,0.26206192,-0.4099568,-0.301155,-0.5016843,-0.4196852,-0.40290412,-0.38964477,-0.40076134,-0.22874105,-0.1999943,-0.34177893,-0.6297257,-0.5183855,-0.25582957,-0.2511511,-0.3240054,-0.7595055,0.014539059
E07000118,-0.054704197,-0.4099568,-0.14606619,-0.5101434,-0.5879876,-0.40360123,-0.37842202,-0.43235543,-0.20383714,-0.20182146,-0.43975693,-0.6069602,-0.5501036,-0.2287596,-0.44685405,-0.31776062,-0.792694,0.021065347
E07000119,-0.5890145,-0.4099568,-0.3386803,-0.52409405,-0.8084681,-0.41578645,-0.37265638,-0.61447144,-0.8937488,-0.20276427,-0.5112709,-0.75925606,-0.5145133,-0.18729436,-0.48023003,-0.2729349,-0.76406986,0.0044060587
E07000120,-0.07778074,-0.4099568,-0.33455434,-0.51430917,-0.41382378,-0.40293133,-0.38574424,-0.3925046,-0.20979245,-0.20042665,-0.34533828,-0.7194988,-0.522741,-0.25496233,-0.20050114,-0.3142443,-0.77189875,-0.007913064
E07000121,0.32121915,-0.4099568,0.031354208,-0.6305879,-0.56373227,-0.40801728,-0.40938622,-0.4077846,-0.3986244,-0.20054586,-0.41766578,-0.7685422,-0.520686,-0.23366179,-0.41176015,-0.3238799,-1.0352806,0.032309305
E07000122,0.3387332,-0.4099568,-0.28748962,-0.514192,-0.40584335,-0.40290394,-0.39441302,-0.40095037,-0.22493933,-0.20068853,-0.30800557,-0.7703049,-0.5160883,-0.24305397,0.049160022,-0.2961946,-0.7775069,0.0044060587
E07000123,0.9357509,-0.4099568,0.015087214,-0.5081239,-0.41464627,-0.42899367,-0.40730187,-0.3536137,-0.112468414,-0.2000525,-0.125458,-0.7707805,-0.5275969,-0.22103216,-0.22693264,-0.31483996,-0.888861,0.023803206
E07000124,-1.2961289,-0.4099568,-0.39366877,-0.913892,-0.6290841,-0.41563478,-0.3899981,-0.5191986,-0.60823023,-0.20216273,-0.4412908,-0.7559194,-0.5768426,-0.2539681,-0.44372043,-0.31483996,-0.765656,-0.039041936
E07000125,-0.40170634,-0.4099568,-0.36925802,-0.5181472,-0.48859593,-0.40392208,-0.37756,-0.40808907,-0.17053962,-0.20112412,-0.398421,-0.6578643,-0.5295713,-0.25312972,-0.3630834,-0.3201961,-0.7593722,-0.005275044
E07000126,0.19535278,-0.4099568,-0.1838987,-0.50711644,-0.58033186,-0.40489972,-0.3728523,-0.45050207,-0.38340133,-0.20016655,-0.45774093,-0.4539422,-0.55695456,-0.24754402,-0.45039296,-0.31030986,-0.7723015,0.014539059
E07000127,-0.511379,-0.4099568,-0.16351214,-0.5756201,-0.5687781,-0.40416646,-0.38034552,-0.4642695,-0.47916028,-0.19740507,-0.39736977,-0.69968766,-0.57827365,-0.2490106,-0.41247392,-0.28935695,-0.7588436,0.025042498
E07000128,-0.7945692,-0.4099568,-0.17979006,-0.5470749,-0.7742076,-0.412537,-0.38041076,-0.6216864,-0.8681579,-0.2012176,-0.51747346,-0.7514735,-0.52457076,-0.23504728,-0.44957095,-0.3241517,-0.75488496,0.017977174
E07000129,-0.53500944,-0.4099568,-0.24112265,-0.5015712,-0.5413139,-0.40355477,-0.37260804,-0.41951704,-0.40779552,-0.19402266,-0.42855352,-0.69082355,-0.5971215,-0.2547244,-0.4232675,-0.28600776,-0.757663,0.002116573
E07000130,0.007609479,-0.4099568,0.29315,-0.50424075,-0.55738455,-0.41494447,-0.40095782,-0.38077682,-0.26338995,-0.19900072,-0.34691238,-0.761253,-0.5559087,-0.25521183,-0.3777729,-0.29336557,-0.91893464,0.014539059
E07000131,-1.034456,-0.4099568,-0.28214204,-0.7619256,-0.56688946,-0.41251692,-0.40211695,-0.4628765,-0.47309417,-0.1906857,-0.43962187,-0.768814,-0.62674767,-0.24544959,-0.4432001,-0.2824668,-0.75586265,-0.0106378775
E07000132,-0.08800905,-0.4099568,-0.17265859,-0.55287147,-0.6257134,-0.40540695,-0.3734832,-0.47196475,-0.38709933,-0.20215532,-0.49792752,-0.6681289,-0.5551437,-0.22918533,-0.46384963,-0.32301307,-0.7713799,0.014539059
E07000133,-1.3345072,-0.4099568,-0.4003454,-0.90155625,-0.62651736,-0.41219008,-0.39217287,-0.5040642,-0.43730682,-0.20142315,-0.4978333,-0.7493752,-0.56796926,-0.24376193,-0.4478994,-0.3182735,-0.76031786,-0.11609978
E07000134,-0.35939088,-0.4099568,-0.23181853,-0.5578633,-0.57843953,-0.4041539,-0.37914535,-0.4337463,-0.23987526,-0.19962041,-0.44511232,-0.681183,-0.5786449,-0.25584787,-0.42237878,-0.30075845,-0.7645306,0.0087229125
E07000135,-0.31471956,-0.4099568,-0.39741558,-0.6185936,-0.45834994,-0.4045824,-0.38669747,-0.4072277,-0.7451528,-0.17183232,-0.2097544,-0.7605946,-0.58336705,-0.15870462,-0.25552222,-0.1969872,-0.92241573,-0.0106378775
E07000136,-0.6565671,-0.4099568,-0.37363687,-0.7019972,-0.5379769,-0.40289935,-0.39571843,-0.44056138,-0.40832466,-0.20184578,-0.47386545,-0.709039,-0.53018576,-0.2533086,-0.3616228,-0.31483996,-0.7542204,0.0087229125
E07000137,0.06712902,-0.4099568,0.007895414,-1.0228255,-0.8505561,-0.41890743,-0.38468271,-0.79218537,-0.77959305,-0.20095357,-0.54138243,-0.7695905,-0.50484526,-0.19034137,-0.42475978,-0.31197962,-0.7647829,0.002116573
E07000138,-0.086620696,-0.4099568,-0.24854799,-0.64898473,-0.4998373,-0.48059562,-0.41799507,-0.35365456,-0.15312769,-0.20005971,-0.3847771,-0.738823,-0.51472473,-0.20371868,-0.4017879,-0.31782413,-1.007235,-0.016348539
E07000139,-0.31218192,-0.4099568,-0.15117387,-0.83695555,-0.6409696,-0.40688556,-0.37262246,-0.49925634,-0.52348924,-0.19859315,-0.52433085,-0.7247943,-0.54396546,-0.20663157,-0.4678219,-0.32185695,-0.7553531,0.0087229125
E07000140,-1.0496919,-0.4099568,-0.27477068,-0.8388782,-0.65997434,-0.40680182,-0.37732,-0.51042545,-0.68017256,-0.19319607,-0.52383167,-0.74785775,-0.5344595,-0.22614588,-0.37188825,-0.31167355,-0.7593038,-0.0106378775
E07000141,-0.072799146,-0.4099568,0.015321448,-0.7744158,-0.57547593,-0.41067177,-0.3741057,-0.49724653,-0.49092704,-0.20125438,-0.5072556,-0.68646526,-0.5505651,-0.22763686,-0.45377427,-0.32026595,-0.76107174,0.0066084093
E07000142,-0.60224146,-0.4099568,-0.27027717,-1.0100386,-0.66254383,-0.41200495,-0.37248686,-0.5729187,-0.5093835,-0.20155612,-0.52291197,-0.7109014,-0.526962,-0.23170665,-0.44543225,-0.32437885,-0.7544016,-0.050039917
E07000143,-0.96820575,-0.4099568,-0.001508562,-0.8995844,-0.6684037,-0.40636986,-0.3854239,-0.5268421,-0.7127128,-0.1952131,-0.5129084,-0.760245,-0.530598,-0.25063574,-0.39999285,-0.31230882,-0.77061224,0.012687721
E07000144,-0.69538105,-0.4099568,-0.06628798,-0.6461552,-0.72894865,-0.41212782,-0.37272662,-0.5493242,-0.79698706,-0.19944778,-0.5225867,-0.7395886,-0.55536246,-0.22598608,-0.4852705,-0.32158718,-0.7544138,0.0066084093
E07000145,-0.37866226,-0.4099568,-0.24677889,-0.51060027,-0.60218275,-0.40573433,-0.39631048,-0.52784884,-0.6058998,-0.20158693,-0.48142588,-0.6935053,-0.5237565,-0.25362042,-0.38625276,-0.3245188,-0.7597332,0.017977174
E07000146,-0.68859434,-0.4099568,0.08244109,-0.9043371,-0.6664487,-0.40902323,-0.38913816,-0.5707824,-0.73785585,-0.20105411,-0.52248025,-0.75968534,-0.52355886,-0.24369064,-0.38798112,-0.32148746,-0.754173,0.021065347
E07000147,-1.8759668,-0.4099557,-0.21832071,-0.89255464,-1.0012407,-0.4207959,-0.3976822,-0.8320941,-1.1118127,-0.20007187,-0.5426086,-0.74349594,-0.5030894,-0.16769004,-0.4455875,-0.29392466,-0.7724344,-0.016348539
E07000148,-0.6424774,-0.4099557,0.010537268,-0.7135384,-0.5779716,-0.5319939,-0.41322795,-0.3535531,-0.17738496,-0.20424108,-0.43462816,-0.770626,-0.51079935,-0.22869824,-0.4196361,-0.27223155,-0.82975215,-0.00025828544
E07000149,-0.78342146,-0.4099568,-0.010220057,-0.7709646,-0.5986675,-0.41042355,-0.37283653,-0.5066764,-0.6573527,-0.19863673,-0.5251552,-0.7698033,-0.55143523,-0.23947856,-0.45773593,-0.31982628,-0.75414616,0.002116573
E07000150,-1.1079628,-0.4099568,-0.36945766,-0.5034521,-0.37701365,-0.40700248,-0.37630126,-0.35530105,0.010639137,-0.19615328,-0.34863213,-0.24157332,-0.5508312,-0.23478098,-0.39266384,-0.2743794,-0.81645733,-0.03213186
E07000151,-0.8556315,-0.4099568,-0.31928495,-0.83225185,-0.56524146,-0.40771773,-0.38951442,-0.455612,-0.26783267,-0.18451467,-0.4607849,-0.7507596,-0.57418257,-0.25209022,-0.43919575,-0.28524956,-0.78970635,-0.016348539
E07000152,-0.91909623,-0.4099568,-0.27514216,-0.7111594,-0.50724643,-0.40860227,-0.38041303,-0.44477916,-0.34546423,-0.19051869,-0.4730329,-0.7532937,-0.57363147,-0.2550496,-0.42934164,-0.29740688,-0.7707506,-0.0027238103
E07000153,-0.3157192,-0.4099568,-0.23653074,-0.53477204,-0.43640888,-0.40331632,-0.372495,-0.39207247,-0.21046658,-0.2021787,-0.44193426,-0.7109031,-0.5594235,-0.25556776,-0.418336,-0.31583247,-0.7582585,0.016302213
E07000154,0.6407214,-0.4099568,0.57703084,-0.6512408,-0.38336366,-0.40911922,-0.38656628,-0.35580418,-0.08824289,-0.20182015,-0.35057828,-0.7209131,-0.5366485,-0.24279042,-0.3302666,-0.30730945,-0.75431806,0.028237216
E07000155,-0.7748037,-0.4099568,-0.28206232,-0.7846185,-0.5241054,-0.41105086,-0.41069666,-0.44628885,-0.28842688,-0.16961533,-0.4627195,-0.7421603,-0.6569165,-0.25211388,-0.45724306,-0.2652427,-0.76506513,-0.00025899347
E07000156,-0.48468938,-0.4099568,-0.33981517,-0.5227185,-0.42470333,-0.40467542,-0.37301219,-0.41342703,-0.23094897,-0.20199461,-0.4252139,-0.69480336,-0.54496896,-0.25558925,-0.39209828,-0.31748536,-0.7584824,-0.025561145
E07000163,-1.0644625,-0.4099568,-0.3976367,-1.266334,-0.76699203,-0.41829157,-0.37308764,-0.63731116,-0.81161493,-0.20031017,-0.52560496,-0.76957357,-0.5207074,-0.23093453,-0.4393256,-0.3185898,-0.7561991,-0.0027238103
E07000164,-0.7040205,-0.4099568,-0.28880224,-1.0856885,-0.76325035,-0.41430846,-0.37489113,-0.5902801,-0.72268015,-0.20201065,-0.50557613,-0.736679,-0.54143107,-0.23665044,-0.46219748,-0.32383245,-0.7621867,0.012687721
E07000165,0.14975539,-0.4099568,0.14186627,-0.8460576,-0.5890558,-0.41455162,-0.38798314,-0.47800997,-0.7046067,-0.20218033,-0.4872525,-0.7580565,-0.55000013,-0.24121426,-0.4675629,-0.3241425,-0.7851488,0.017977174
E07000166,-1.4221798,-0.4099568,-0.40001693,-1.3615979,-0.6601447,-0.4029009,-0.38012254,-0.46083406,-0.38348737,-0.18092997,-0.45611292,-0.7500744,-0.5328626,-0.24445784,-0.46688902,-0.3122079,-1.1954219,-0.022405254
E07000167,-1.6355941,-0.4099568,-0.3991822,-1.4176332,-0.78522855,-0.41581446,-0.37265918,-0.6346209,-0.75087637,-0.20193005,-0.5293097,-0.7704678,-0.52257544,-0.23650934,-0.43665135,-0.3248953,-0.7642083,-0.061789304
E07000168,-0.37841758,-0.4099568,-0.19438356,-0.8161492,-0.7711411,-0.4125539,-0.38064533,-0.6441609,-0.7652514,-0.20131844,-0.5178791,-0.7711846,-0.5093209,-0.2018114,-0.40557414,-0.2948758,-0.76383185,0.012687721
E07000169,-0.5926981,-0.4099568,-0.2984546,-0.77814084,-0.58210003,-0.40557644,-0.38405132,-0.4408926,-0.29657707,-0.18444218,-0.47506663,-0.58851767,-0.5792941,-0.24713841,-0.43549943,-0.29148683,-0.7648884,-0.016348539
E07000170,0.29112908,-0.4099568,-0.08119612,-0.5174935,-0.53358454,-0.40288723,-0.37254983,-0.40975678,-0.22681214,-0.20195739,-0.46548766,-0.48700207,-0.5398132,-0.23966865,-0.4332507,-0.3179515,-0.75794923,0.012687721
E07000171,-0.004384838,-0.4099568,-0.14595541,-0.712752,-0.6184894,-0.4066933,-0.37440172,-0.47856128,-0.41502643,-0.20175816,-0.47832227,-0.670363,-0.5387104,-0.24036038,-0.4572822,-0.3215381,-0.7847341,0.012687721
E07000172,-0.12882926,-0.4099568,-0.16758126,-0.5370094,-0.66776836,-0.40296304,-0.37453598,-0.43464756,-0.43250537,-0.20195794,-0.4763221,-0.61075145,-0.558964,-0.24221633,-0.46077356,-0.3183787,-0.767048,0.017977174
E07000173,0.044878144,-0.4099568,-0.14014047,-0.5072815,-0.60919636,-0.40387386,-0.37337098,-0.43366447,-0.43857256,-0.20163368,-0.47722763,-0.6408536,-0.5403725,-0.24633287,-0.44774663,-0.32466602,-0.77682704,0.021065347
E07000174,0.048437,-0.4099568,-0.19377081,-0.53681606,-0.56517017,-0.40299052,-0.37401357,-0.41227993,-0.28501073,-0.20204686,-0.45653024,-0.47472432,-0.5374361,-0.24019809,-0.43437687,-0.32171702,-0.7616289,-0.0027238103
E07000175,-0.3346274,-0.4099568,-0.11664711,-0.7070582,-0.5991701,-0.4060646,-0.37261155,-0.4743765,-0.41632175,-0.20208995,-0.4846209,-0.725834,-0.5369117,-0.25399247,-0.44334966,-0.32167754,-0.76210856,0.0087229125
E07000176,-0.8202564,-0.4099568,-0.14084774,-0.6005489,-0.57303333,-0.40525308,-0.37546945,-0.42591578,-0.5094334,-0.19889349,-0.4345805,-0.7695503,-0.6193514,-0.25502348,-0.43189278,-0.29862374,-0.7660384,0.010748887
E07000177,-0.6877626,-0.4099568,0.06448648,-0.62802017,-0.47053894,-0.40292197,-0.37294897,-0.380301,-0.30169356,-0.18112203,-0.37575194,-0.7056828,-0.59900093,-0.25566584,-0.3615068,-0.25549442,-0.7701151,0.025042498
E07000178,0.14309943,-0.4099568,0.09953885,-0.6948005,-0.4680613,-0.625678,-0.37192902,-0.3696795,-0.027218768,-0.20209049,0.1926204,-0.73184204,-0.5194699,-0.24620105,-0.20574963,-0.2838985,-1.3484718,0.028237216
E07000179,-0.976526,-0.4099568,0.0063150306,-0.67832524,-0.5150804,-0.407894,-0.3803781,-0.42244545,-0.50886285,-0.18460637,-0.4058654,-0.7674146,-0.6601556,-0.2512483,-0.43194288,-0.2681214,-0.7683473,0.025042498
E07000180,-0.68841475,-0.4099568,-0.03847961,-0.64949083,-0.5035001,-0.4040209,-0.3724918,-0.404676,-0.46642664,-0.19464152,-0.42259142,-0.7305738,-0.5870562,-0.25527623,-0.41924345,-0.29225877,-0.78045136,0.023803206
E07000181,-0.7450995,-0.4099568,-0.18817101,-0.76712745,-0.57445097,-0.40547898,-0.37277108,-0.43840858,-0.5392101,-0.19576618,-0.46012884,-0.74841064,-0.58002406,-0.25526994,-0.44429514,-0.3009687,-0.77452403,0.021065347
E07000187,-1.5207067,-0.4099568,-0.15788133,-0.7635856,-0.5633271,-0.41217214,-0.37360424,-0.49728042,-0.58088934,-0.20196022,-0.45662796,-0.77106583,-0.5376041,-0.25524607,-0.4289592,-0.32343817,-0.80371505,-0.15298587
E07000188,-0.73572946,-0.4099568,-0.1089424,-0.6648884,-0.5927183,-0.40930578,-0.37410846,-0.5117202,-0.5865237,-0.20211022,-0.4913862,-0.7638596,-0.53711647,-0.2559002,-0.40347463,-0.3190817,-0.75474215,0.002116573
E07000189,-0.7338747,-0.4099568,0.19201194,-0.72625023,-0.6385733,-0.41026846,-0.38016415,-0.55585355,-0.6874323,-0.20188099,-0.50538105,-0.77099454,-0.5302189,-0.24951842,-0.42683396,-0.3253623,-0.76249677,-0.0106378775
E07000192,-0.17581439,-0.4099557,-0.24280785,-0.5254144,-0.60318536,-0.40296376,-0.3741244,-0.40600967,-0.24952012,-0.19890708,-0.410003,-0.4751783,-0.58278877,-0.25403264,-0.43085337,-0.29729888,-0.7727835,0.017977174
E07000193,-0.16186714,-0.4099557,-0.13527937,-0.58823484,-0.49900952,-0.40309608,-0.37268174,-0.40339833,-0.314526,-0.20216307,-0.38886285,-0.7098786,-0.5361198,-0.25504,-0.32688332,-0.30646262,-0.7591955,0.02380285
E07000194,-0.38318828,-0.4099568,-0.2216141,-0.5836014,-0.6694858,-0.40797225,-0.37274566,-0.5195977,-0.49169356,-0.17764865,-0.48244822,-0.69748116,-0.56604695,-0.25569925,-0.43613586,-0.28602487,-0.75847137,0.026193943
E07000195,-0.06585729,-0.4099568,-0.06612006,-0.50677705,-0.6718889,-0.40559566,-0.38582116,-0.42005002,-0.42360136,-0.20130438,-0.41161796,-0.6356449,-0.5336669,-0.24282792,-0.45175937,-0.3252038,-0.8305788,0.016302213
E07000196,-0.28564873,-0.4099568,-0.1744291,-0.6095109,-0.78759295,-0.40779227,-0.3747108,-0.5390446,-0.6032319,-0.18820213,-0.4618027,-0.70596623,-0.60785913,-0.25284845,-0.46483925,-0.2933391,-0.759729,0.02725967
E07000197,-0.11988758,-0.4099568,-0.024353186,-0.6539888,-0.69115907,-0.40406373,-0.3725766,-0.47295275,-0.4673071,-0.20214072,-0.4730315,-0.72120255,-0.5447918,-0.23870786,-0.45491806,-0.32389262,-0.7815215,0.012687721
E07000198,-0.6025197,-0.4099568,-0.25195956,-0.7336842,-0.74011403,-0.41248906,-0.3794184,-0.56959885,-0.55432737,-0.20212346,-0.5009394,-0.7014837,-0.55128354,-0.22695154,-0.46469495,-0.3234551,-0.7556395,0.002116573
E07000199,-0.61291087,-0.4099568,-0.35027322,-0.626551,-0.49356014,-0.40290752,-0.3760755,-0.4146429,-0.14469138,-0.1938327,-0.38544738,-0.4735699,-0.5859091,-0.25381958,-0.40314904,-0.27613965,-0.8052012,0.019565
E07000200,-1.6019021,-0.4099568,-0.2875097,-0.76692957,-0.66730726,-0.41590437,-0.37253386,-0.57744527,-0.7454657,-0.2020854,-0.50868857,-0.7710912,-0.5428239,-0.2556464,-0.45715484,-0.3228112,-0.75760365,-0.013450159
E07000202,-0.21939278,-0.4099568,-0.013435145,-0.7008017,-0.4481598,-0.41170797,-0.39455625,-0.3604911,-0.27351463,-0.2002479,-0.36813438,-0.6795693,-0.5319323,-0.2558672,-0.36523443,-0.32381883,-0.7544438,0.017977174
E07000203,-1.4278866,-0.4099568,-0.22979645,-0.8618499,-0.6885156,-0.4108407,-0.37273997,-0.5535429,-0.57064945,-0.1912723,-0.51185435,-0.76704127,-0.57135326,-0.2556362,-0.4408726,-0.30444062,-0.7545959,-0.0106378775
E07000207,-0.74511,-0.4099568,-0.019427901,-0.53881454,-0.37650517,-0.41401035,-0.4377012,-0.36875463,-0.4659049,-0.1981738,-0.24724141,-0.7653639,-0.8059,-0.21628955,-0.43367898,-0.25667316,-0.75716275,0.029129025
E07000208,-1.3064126,-0.4099568,-0.33806267,-0.616384,-0.40867358,-0.40519243,-0.38046244,-0.37428084,-0.3608711,-0.18607655,-0.21734452,-0.716863,-0.78297085,-0.2247005,-0.41801354,-0.23115116,-0.75451577,0.022478545
E07000209,-0.2934256,-0.4099568,0.055888575,-0.5135601,-0.528547,-0.42029876,-0.39216563,-0.3597343,-0.26607767,-0.19032133,-0.30133086,-0.76189387,-0.6099309,-0.24373348,-0.42844057,-0.2722703,-0.9345298,0.025042498
E07000210,-1.1050999,-0.4099568,-0.30700946,-0.57056487,-0.5945996,-0.41615456,-0.39872223,-0.4721799,-0.76429635,-0.20218119,-0.40913028,-0.76925623,-0.5980441,-0.25103238,-0.43329656,-0.31055966,-0.7553149,0.022478545
E07000211,-0.57697266,-0.4099568,0.05499749,-0.5167908,-0.4473218,-0.403731,-0.37928045,-0.37191942,-0.39837247,-0.19700581,-0.2992873,-0.7499797,-0.65547454,-0.2442687,-0.4177363,-0.27220026,-0.7896061,0.030656887
E07000212,-0.4047562,-0.4099568,-0.30359188,-0.51566195,-0.56986356,-0.4212427,-0.38847667,-0.35898384,-0.34243688,-0.20217697,-0.2723755,-0.7536381,-0.5770956,-0.25182375,-0.402267,-0.30376074,-0.88047135,0.012687721
E07000213,-0.5501843,-0.4099568,-0.2469729,-0.604325,-0.5078966,-0.40312225,-0.37737262,-0.37801856,-0.4276722,-0.201618,-0.2994926,-0.60905933,-0.60559905,-0.2356309,-0.40837434,-0.2862896,-0.7649032,0.014539059
E07000214,-1.06528,-0.4099568,-0.29954073,-0.5052437,-0.50889844,-0.4071163,-0.40052685,-0.3951218,-0.4813495,-0.1452971,-0.31156355,-0.75193924,-0.7296272,-0.23171058,-0.38973203,-0.20232345,-0.7667494,0.021065347
E07000215,-1.107836,-0.4099568,-0.30590287,-0.56361294,-0.50277746,-0.40827507,-0.38005665,-0.41990012,-0.52665216,-0.19378828,-0.34937152,-0.77058655,-0.65208554,-0.24399951,-0.4066703,-0.26891714,-0.7892461,0.017977174
E07000216,-1.0453516,-0.4099568,-0.091058336,-0.55868244,-0.42817196,-0.41516176,-0.3800006,-0.42200953,-0.7109708,-0.19922891,-0.38720483,-0.7712742,-0.580548,-0.23792131,-0.4370631,-0.29781473,-0.8506672,0.021065347
E07000217,-0.5982786,-0.4099568,-0.23707154,-0.55065507,-0.4110572,-0.4036667,-0.3829939,-0.36292458,-0.3371299,-0.19153401,-0.23480603,-0.73997754,-0.6480808,-0.20605086,-0.3075593,-0.22700974,-0.7608974,0.010748887
E07000218,-0.7072543,-0.4099568,-0.384846,-0.65275806,-0.65174395,-0.40593612,-0.37650752,-0.47456783,-0.4144511,-0.19621605,-0.4468906,-0.6042182,-0.5713787,-0.2553513,-0.4394551,-0.29472637,-0.7667119,0.0087229125
E07000219,0.28008258,-0.4099568,-0.06992145,-0.5549701,-0.49696967,-0.40288574,-0.37670305,-0.4101035,-0.25604868,-0.20207497,-0.3860679,-0.52213305,-0.55544645,-0.25574672,-0.39036956,-0.30516142,-0.7822764,0.02725967
E07000220,-0.50637,-0.4099568,-0.20329861,-0.5888518,-0.45570803,-0.40321058,-0.37252906,-0.38648847,-0.36020264,-0.20159774,-0.43576652,-0.6940838,-0.55137455,-0.25383827,-0.43773267,-0.31149995,-0.7601243,0.002116573
E07000221,-0.5438257,-0.4099568,-0.07843928,-0.82376254,-0.7123794,-0.41301867,-0.37415543,-0.54372823,-0.7751805,-0.2021796,-0.50539905,-0.76165533,-0.5554112,-0.23990709,-0.46502727,-0.3238808,-0.75471616,0.025042498
E07000222,-0.1737319,-0.4099568,0.019541558,-0.5198457,-0.6237626,-0.41183224,-0.3857474,-0.37852576,-0.39896446,-0.20046194,-0.42905766,-0.7702033,-0.54649514,-0.25306782,-0.3509137,-0.32362014,-0.7596273,0.023803206
E07000223,-1.8944784,-0.4099568,-0.38692206,-0.54561716,-0.5945382,-0.40930367,-0.37269485,-0.47202432,-0.69569725,-0.20016031,-0.47007996,-0.68837893,-0.5396777,-0.21209085,-0.44779602,-0.32365936,-0.75516546,-0.022405254
E07000224,-0.99655014,-0.4099568,0.13704187,-0.50197774,-0.78404623,-0.41250423,-0.38990372,-0.6227085,-0.99940616,-0.20010634,-0.51246744,-0.7684462,-0.5188483,-0.21920727,-0.429976,-0.30963555,-0.7771691,0.002116573
E07000225,-1.1900204,-0.4099568,-0.121756196,-0.76745903,-0.7189554,-0.41281307,-0.38116777,-0.581262,-0.94357574,-0.20013212,-0.5005923,-0.749476,-0.52849805,-0.25080785,-0.43701828,-0.32167274,-0.7833995,0.002116573
E07000226,-0.659177,-0.4099568,-0.17251079,-0.6286347,-0.3855487,-0.4136479,-0.37603313,-0.35441092,-0.08648789,-0.19996023,-0.12026179,-0.66445327,-0.60681623,-0.16799477,-0.2647908,-0.23352931,-0.77605885,0.019565
E07000227,-0.5603231,-0.4099568,0.01775551,-0.6151423,-0.57680744,-0.41123152,-0.38127565,-0.46405783,-0.6214178,-0.20163491,-0.4442269,-0.7653705,-0.59773254,-0.25392014,-0.4472947,-0.3119202,-0.7646363,0.021065347
E07000228,-0.5429849,-0.4099557,0.068242,-0.531265,-0.48995394,-0.40769994,-0.38143444,-0.4098227,-0.5076091,-0.19927073,-0.37755036,-0.7394347,-0.62565964,-0.2536213,-0.43030128,-0.29055244,-0.7600379,0.025042148
E07000229,-1.2500074,-0.4099557,-0.18685028,-0.69328815,-0.63495654,-0.40573558,-0.3742038,-0.43226406,-0.73513913,-0.20250966,-0.4242089,-0.77104646,-0.5366788,-0.22874689,-0.41781214,-0.31075254,-0.75602055,0.004406403
E07000234,-0.6133134,-0.4099568,-0.25055453,-0.5297191,-0.6063805,-0.40816277,-0.375263,-0.4564071,-0.6486328,-0.19370185,-0.44407767,-0.7439625,-0.60597193,-0.25345922,-0.47823596,-0.30079672,-0.81304127,0.023803206
E07000235,-1.6999525,-0.4099568,-0.34500962,-0.8105483,-0.7607157,-0.41951692,-0.37248933,-0.6345769,-0.9280599,-0.20174623,-0.51661694,-0.7696792,-0.525294,-0.2429715,-0.4485651,-0.32486305,-0.8012619,0.0044060587
E07000236,-0.37220693,-0.4099568,-0.31709397,-0.5500765,-0.46847227,-0.40343577,-0.3845402,-0.40796167,-0.115854576,-0.19720507,-0.40884662,-0.6776594,-0.56122786,-0.24697126,-0.34613118,-0.27776945,-0.78755933,0.014539059
E07000237,-0.75925106,-0.4099568,-0.23311034,-0.67503065,-0.5289248,-0.41410458,-0.38557878,-0.36499274,-0.23823068,-0.20100453,-0.39732882,-0.74030304,-0.54127765,-0.25559315,-0.378512,-0.32178232,-0.7599384,0.016302213
E07000238,-0.47247496,-0.4099568,-0.079982616,-0.699403,-0.6820798,-0.4127701,-0.37306118,-0.5578013,-0.6422509,-0.19719838,-0.512557,-0.7527449,-0.5653872,-0.24169677,-0.45405862,-0.31483996,-0.7558839,0.022478545
E07000239,-0.30897382,-0.4099568,-0.23764335,-0.51743305,-0.66878647,-0.4078048,-0.37467498,-0.5357051,-0.56682336,-0.20122643,-0.50232226,-0.6861583,-0.53007174,-0.2353824,-0.4540882,-0.32530296,-0.76032084,0.021065347
E07000244,-0.262735,-0.4099568,0.72373295,-0.69223267,-0.6839468,-0.41504633,-0.38007137,-0.6037892,-0.87189096,-0.20130807,-0.51830316,-0.7516213,-0.53040737,-0.25202498,-0.42899135,-0.32508698,-0.75591797,0.02725967
E07000245,-0.4862129,-0.4099568,0.2674526,-0.73010755,-0.5387141,-0.40363613,-0.40250996,-0.41700694,-0.5004184,-0.1996162,-0.4799305,-0.7322319,-0.53995967,-0.25467756,-0.43887752,-0.31498036,-0.79600304,-0.00025899347
E07000246,-0.92112964,-0.4099568,0.09640382,-0.8263504,-0.67663926,-0.40933013,-0.38292715,-0.54770947,-0.8169306,-0.20086786,-0.4959196,-0.77059793,-0.52467144,-0.23892581,-0.42944786,-0.32438862,-0.81821495,0.0044060587
E08000001,1.6840816,-0.4099568,0.94516397,-0.58991235,-0.38929155,-0.40312642,-0.38179192,-0.37526318,-0.1484391,-0.20084281,-0.27505302,-0.709318,-0.53398407,-0.24882154,-0.20710859,-0.30468974,-0.77630633,0.029129025
E08000002,0.6348108,-0.4099568,0.34396315,-0.57976043,-0.43919137,-0.40289006,-0.37491664,-0.3858278,-0.23199385,-0.20129749,-0.33111346,-0.6619869,-0.5405002,-0.25486174,-0.32209766,-0.31167868,-0.75787795,0.029129025
E08000003,2.6816893,-0.4099568,2.0183265,-0.78402555,-0.40196845,-0.67887247,-0.38592705,-0.40461946,0.1472372,-0.19999519,-0.07091558,-0.7671195,-0.50552595,-0.23412444,0.0002721757,-0.31056902,-0.909118,0.032309305
E08000004,1.7476021,-0.4099568,0.64434665,-0.55732524,-0.37749207,-0.40396345,-0.39569375,-0.36198327,-0.11068062,-0.20189922,-0.12210462,-0.70665306,-0.5247864,-0.22301343,0.07753973,-0.22725229,-0.76768696,0.031291537
E08000005,1.3022087,-0.4099568,0.5435236,-0.535121,-0.3844479,-0.40421987,-0.3867663,-0.36845097,-0.12170721,-0.20097597,-0.20232837,-0.7456252,-0.5242679,-0.21801291,-0.07862918,-0.29018515,-0.759486,0.029935114
E08000006,1.7333405,-0.4099568,0.7617333,-0.63871825,-0.44264817,-0.45308667,-0.41591814,-0.3532754,-0.06895567,-0.20249377,-0.35925597,-0.7069822,-0.51204723,-0.2457491,-0.32444552,-0.31641272,-0.77207017,0.03184362
E08000007,1.0278963,-0.4099568,0.98147184,-0.61344486,-0.5074318,-0.40371704,-0.37266448,-0.40650555,-0.4579145,-0.20055752,-0.3828457,-0.7088912,-0.5586606,-0.2557799,-0.4056447,-0.32219058,-0.7660491,0.031291537
E08000008,1.1713355,-0.4099568,0.57736,-0.6025418,-0.45874733,-0.40315193,-0.37375644,-0.3847213,-0.1588484,-0.20004967,-0.33742368,-0.5199852,-0.5325104,-0.2526083,-0.348768,-0.32367042,-0.77413595,0.029129025
E08000009,0.5605926,-0.4099568,0.6490969,-0.60622716,-0.39999512,-0.40362954,-0.3760128,-0.36564487,-0.32661545,-0.20212838,-0.29589826,-0.68131936,-0.57795787,-0.22743854,-0.36063534,-0.29452717,-0.7929403,0.031291537
E08000010,1.8096861,-0.4099568,1.1664436,-0.56376314,-0.54001325,-0.40290904,-0.3731296,-0.41375154,-0.14864723,-0.20199269,-0.41198272,-0.33903152,-0.5583356,-0.24457668,-0.45793626,-0.3196331,-0.78098243,0.029129025
E08000011,0.6981301,-0.4099568,0.06725954,-0.5624494,-0.44616136,-0.40361086,-0.3827554,-0.38250095,-0.24993071,-0.2013871,-0.20484148,-0.40713158,-0.5630355,-0.21704838,-0.39228737,-0.30312514,-0.78554153,0.028237216
E08000012,2.3627844,-0.4099568,1.8614552,-0.7658119,-0.5676454,-0.48266247,-0.41950518,-0.35431927,-0.09920424,-0.20424137,-0.18972266,-0.73133,-0.51925457,-0.2558472,-0.36438528,-0.30766732,-0.8280312,0.03299122
E08000013,1.091071,-0.4099568,0.27543533,-0.5297252,-0.57603925,-0.4029827,-0.37504998,-0.43669984,-0.32777533,-0.20154813,-0.42216036,-0.36369416,-0.54616946,-0.24980623,-0.46696317,-0.3228306,-0.77296066,0.029935114
E08000014,1.0065295,-0.4099568,0.887478,-0.56739414,-0.6456168,-0.40693858,-0.3750465,-0.48761994,-0.7374299,-0.20030788,-0.37614036,-0.68308204,-0.5445032,-0.25556207,-0.41782412,-0.3242682,-0.75416225,0.030656887
E08000015,1.3957478,-0.4099568,1.1516776,-0.59166485,-0.54644763,-0.40551612,-0.3745212,-0.45453504,-0.50795835,-0.20015897,-0.37950894,-0.665128,-0.5353178,-0.25587952,-0.41689837,-0.3250012,-0.75926983,0.030656887
E08000016,1.5548097,-0.4099568,0.7047384,-0.50168556,-0.5659641,-0.4028875,-0.37320936,-0.41795403,-0.27840772,-0.20167302,-0.47426304,-0.48748583,-0.5420741,-0.23137051,-0.47070497,-0.32500145,-0.7740353,0.03184362
E08000017,1.0761533,-0.4099568,1.0846384,-0.5134307,-0.51855177,-0.40305713,-0.37928286,-0.40667805,-0.29886335,-0.2019442,-0.41131884,-0.6265654,-0.54278857,-0.25566372,-0.3980528,-0.30946568,-0.75647837,0.029935114
E08000018,1.3121021,-0.4099568,0.82395554,-0.50472194,-0.49327067,-0.40305877,-0.37684765,-0.41658828,-0.30954567,-0.20204026,-0.41752926,-0.62995195,-0.5496082,-0.25374907,-0.3629631,-0.30644482,-0.771655,0.031291537
E08000019,2.3216891,-0.4099568,2.1093876,-0.55083746,-0.51089245,-0.4437456,-0.41579607,-0.35590222,-0.21990824,-0.20105039,-0.32588896,-0.77129346,-0.5283159,-0.25372395,-0.21043964,-0.3110642,-0.78133744,0.0332569
E08000021,1.5891508,-0.4099568,1.0283628,-0.6414438,-0.5239374,-0.51548666,-0.4101579,-0.3532928,-0.13446693,-0.19999382,-0.20282927,-0.7650553,-0.5229214,-0.25221828,-0.18665446,-0.31991553,-0.8225003,0.032692056
E08000022,1.0233756,-0.4099568,0.45089358,-0.62971276,-0.6157058,-0.40311047,-0.3726066,-0.42827207,-0.3904308,-0.20098655,-0.47067398,-0.59281415,-0.53766197,-0.17412513,-0.49291477,-0.3081188,-0.7685168,0.028237216
E08000023,0.6279511,-0.4099557,0.071959056,-0.61614,-0.6133742,-0.40291095,-0.374239,-0.43337342,-0.39903852,-0.20183285,-0.4266129,-0.46765047,-0.5261312,-0.20792963,-0.4640878,-0.30907914,-0.76382333,0.026193593
E08000024,1.7712785,-0.4099557,0.89927524,-0.5887606,-0.6231352,-0.40361863,-0.37868032,-0.4267225,-0.30514783,-0.20029196,-0.3938869,-0.40929452,-0.53681755,-0.2251776,-0.42811528,-0.3254291,-0.7549975,0.02993547
E08000025,3.0008268,-0.4099568,2.775756,-0.7559086,-0.40496385,-0.43847206,-0.42026484,-0.36052972,-0.07054557,-0.20217769,0.1924779,-0.75632036,-0.51633537,-0.06941947,0.5468388,-0.1676976,-0.7700316,0.033066418
E08000026,1.1761304,-0.4099568,1.3652614,-0.7194781,-0.43006736,-0.5102932,-0.410135,-0.35682034,-0.0770346,-0.20199338,-0.16697247,-0.7390791,-0.53227395,-0.2058434,-0.25013188,-0.29018623,-0.84378517,0.032309305
E08000027,1.4312775,-0.4099568,1.1380771,-0.68873197,-0.49739528,-0.40308288,-0.3793492,-0.41181216,-0.4363879,-0.20143287,-0.36935282,-0.6220601,-0.5564111,-0.25424728,-0.3425263,-0.2918162,-0.7669846,0.032692056
E08000028,1.4624969,-0.4099568,1.1730828,-0.7264102,-0.37318742,-0.40810412,-0.3934008,-0.35372856,-0.14646682,-0.20127045,0.012080184,-0.6897365,-0.5384179,-0.1335488,0.029549446,-0.20373178,-0.77253807,0.03299122
E08000029,0.50272137,-0.4099568,0.51009077,-0.5210532,-0.48428845,-0.40532336,-0.3734513,-0.41573003,-0.5591607,-0.2021513,-0.33109373,-0.71942776,-0.60781187,-0.24646817,-0.38442668,-0.29551104,-0.7685892,0.031291537
E08000030,1.2707028,-0.4099568,0.93374294,-0.6468956,-0.38094988,-0.40368116,-0.39719322,-0.36875919,-0.29956993,-0.20023198,-0.21284851,-0.7456792,-0.5391812,-0.18227443,-0.072765134,-0.23320617,-0.77140653,0.03299122
E08000031,1.146251,-0.4099568,0.8079435,-0.72576773,-0.40378645,-0.4074917,-0.39247856,-0.35869253,-0.2915908,-0.20118956,-0.11914246,-0.7398825,-0.5325863,-0.15211782,-0.16854647,-0.28510973,-0.7549235,0.03334154
E08000032,2.592355,-0.4099568,1.9891669,-0.5412292,-0.43589166,-0.40430441,-0.40046984,-0.35438725,-0.118254066,-0.19932926,0.01585512,-0.746363,-0.5201614,-0.16176252,0.57152724,-0.14514014,-0.75424725,0.030656887
E08000033,0.8304105,-0.4099568,0.47816148,-0.509973,-0.47940546,-0.40362197,-0.37368616,-0.40358314,-0.22936507,-0.20001553,-0.40137473,-0.74411774,-0.53362024,-0.2530491,-0.3191356,-0.32457548,-0.7738434,0.022478545
E08000034,1.962898,-0.4099568,1.6662346,-0.5122021,-0.4190973,-0.40328115,-0.37964588,-0.3778496,-0.20117909,-0.20212677,-0.3069631,-0.7689987,-0.53545016,-0.2518513,-0.12931031,-0.2850252,-0.75432926,0.029935114
E08000035,2.9173505,-0.4099568,2.4926174,-0.5381262,-0.46074715,-0.4398439,-0.41561675,-0.35468933,-0.16348541,-0.20002839,-0.36344543,-0.76493627,-0.52581,-0.25387645,-0.3059742,-0.32483637,-0.7886282,0.032309305
E08000036,1.9067668,-0.4099568,1.2617397,-0.5091116,-0.5384582,-0.40293542,-0.3733783,-0.4065366,-0.25731012,-0.20178361,-0.45155737,-0.53192925,-0.5405013,-0.23857415,-0.44040972,-0.32327023,-0.7578472,0.029935114
E09000002,0.49110347,-0.4099568,0.49086273,-0.84721154,-0.90731215,-0.42538717,-0.405441,-0.40900943,0.10296838,-0.1869866,0.34466955,-0.67587763,-0.5589795,0.18417455,0.09150748,-0.0848162,-0.78793555,0.03184362
E09000003,1.0858862,-0.4099568,1.4783709,-0.7712714,-0.40227944,-0.4160515,-0.38036737,-0.35369864,-0.14777769,-0.19257648,0.1629631,-0.7441417,-0.5908462,-0.017762164,-0.014416755,-0.13709474,-0.7560949,0.0332569
E09000004,0.5199134,-0.4099568,0.7175736,-0.74275786,-0.4223886,-0.40501666,-0.37549442,-0.3569523,-0.32412145,-0.19805937,-0.10936239,-0.68931156,-0.6451113,-0.109079264,-0.31161082,-0.22318335,-0.8167829,0.032692056
E09000005,0.8278144,-0.4099568,1.1905634,-0.9273004,-0.39582327,-0.44263664,-0.39241612,-0.35949892,0.014423198,-0.17417486,0.63904935,-0.77129346,-0.53592366,0.1934075,0.9236907,0.035744093,-0.76380235,0.0332569
E09000006,1.2880112,-0.4099568,1.1920958,-0.60431516,-0.45473439,-0.4028942,-0.37731373,-0.3638299,-0.35607746,-0.20116505,-0.27748075,-0.6417775,-0.5800449,-0.217603,-0.42291182,-0.31093508,-0.76926684,0.03339375
E09000007,0.3408147,-0.4099568,0.8092576,-1.0611669,-0.6119564,-0.5853948,-0.415494,-0.3676065,0.037253138,-0.20351523,-0.17475235,-0.7662388,-0.5154956,-0.2551557,-0.2744665,-0.30715236,-0.8335488,0.033206414
E09000008,0.7559513,-0.4099568,1.4488436,-0.7696551,-0.37527806,-0.40693784,-0.37251812,-0.35367745,-0.067833535,-0.20176964,-0.01592338,-0.63797796,-0.55621177,-0.101534724,-0.17377977,-0.2304507,-0.7629383,0.033365548
E09000009,1.0259596,-0.4099568,1.2466959,-0.8579097,-0.3895992,-0.41886538,-0.37477168,-0.35638055,-0.021082144,-0.18902682,0.48447162,-0.7669183,-0.55812067,0.1353209,0.38185534,-0.045979414,-0.75510097,0.033365548
E09000010,0.71054476,-0.4099568,1.2061553,-0.74718374,-0.37532693,-0.4114878,-0.3785657,-0.35682455,-0.06012394,-0.19294654,0.18126525,-0.6998573,-0.6219512,0.027734168,-0.13318428,-0.14445117,-0.76535666,0.03334154
E09000011,0.3951833,-0.4099568,0.94981307,-0.8570503,-0.38385493,-0.46429837,-0.38458604,-0.38164288,0.10683428,-0.2018674,0.10595872,-0.7559608,-0.5427709,-0.088163316,-0.042707354,-0.23717456,-0.7602826,0.03334154
E09000013,0.09594358,-0.4099568,0.31212378,-1.0526592,-0.63953143,-0.5591054,-0.38211223,-0.37750924,0.1073906,-0.20329538,-0.22700182,-0.74025846,-0.5228285,-0.25417846,-0.2480282,-0.32411397,-0.7615226,0.03299122
E09000014,0.29130235,-0.4099568,0.8594064,-0.97603244,-0.45605677,-0.4822415,-0.3741,-0.38374558,0.12995341,-0.20181043,0.037643656,-0.74064946,-0.5244165,-0.028147226,0.024905045,-0.22995256,-0.77483445,0.033206414
E09000015,0.6319257,-0.4099568,0.73550814,-0.8002663,-0.41313556,-0.4087864,-0.3847921,-0.35680735,-0.21864644,-0.061223786,0.39096358,-0.7689691,-0.667787,0.17822525,0.21531358,0.0432297,-0.7585161,0.033365548
E09000016,1.051414,-0.4099568,0.7825103,-0.61228806,-0.45848927,-0.40493688,-0.387819,-0.36880293,-0.4365463,-0.20186944,-0.22534594,-0.6715952,-0.6020874,-0.18162215,-0.3586805,-0.27176052,-0.7757211,0.032309305
E09000017,0.7330428,-0.4099568,1.0537196,-0.63912356,-0.3779293,-0.42250705,-0.3901137,-0.35637313,-0.089264475,-0.1505495,0.20693421,-0.76113063,-0.61001134,0.056876093,-0.039215136,-0.07248879,-0.7978973,0.033206414
E09000018,0.75339633,-0.4099568,0.86034083,-0.7906987,-0.38974312,-0.43255222,-0.37992707,-0.35958534,0.055352535,-0.18469597,0.2992341,-0.7077522,-0.5543664,0.10113454,0.16306204,-0.082471445,-0.7634308,0.033206414
E09000019,0.24021088,-0.4099568,0.66666955,-1.1468517,-0.76794916,-0.90594405,-0.41781566,-0.41401094,0.174413,-0.20414075,-0.3867928,-0.74049747,-0.492825,-0.24178815,-0.32065192,-0.28513813,-0.7917475,0.033206414
E09000020,-0.15627061,-0.4099568,0.112272196,-1.0876176,-0.75006634,-0.43060446,-0.3755704,-0.35869962,-0.10235157,-0.071630664,-0.36413047,-0.72303134,-0.4874717,-0.25076127,-0.3788062,-0.1254051,-0.75414693,0.033206414
E09000021,-0.1459126,-0.4099557,0.24412008,-0.78528917,-0.4612763,-0.4254905,-0.37414026,-0.3546199,-0.08347248,-0.19989201,-0.10713962,-0.65702444,-0.60537213,-0.18816666,-0.34364143,-0.2489328,-0.77937853,0.03184328
E09000022,0.7030737,-0.4099557,1.165561,-1.0649858,-0.6915041,-0.7797149,-0.41218692,-0.42303324,0.17514603,-0.20011747,-0.22019556,-0.6097506,-0.5200481,-0.23060492,-0.2404721,-0.32107812,-0.7605545,0.0328022
E09000023,0.32087085,-0.4099568,1.0466927,-0.96395063,-0.4541751,-0.5009647,-0.37536925,-0.39811903,0.12289647,-0.1999945,-0.112225085,-0.7404477,-0.5371976,-0.16113387,-0.2208558,-0.30774337,-0.76269156,0.03339375
E09000024,-0.009476835,-0.4099568,0.45223507,-0.8234114,-0.4493312,-0.43313763,-0.37314057,-0.35913503,-0.014065373,-0.19846198,-0.044005595,-0.707626,-0.5812868,-0.09292654,-0.16411437,-0.20576136,-0.76746064,0.033206414
E09000025,1.0787368,-0.4099568,1.2955765,-1.0007666,-0.3732172,-0.6242305,-0.42006558,-0.43627986,0.22759162,-0.11505527,0.8435074,-0.6770033,-0.52259,0.2862091,2.2271001,0.1308258,-0.7659965,0.033206414
E09000026,0.9469441,-0.4099568,1.0484513,-0.823415,-0.37315145,-0.42380276,-0.3911573,-0.3594072,-0.024465473,-0.14091247,0.4995506,-0.7706758,-0.5728107,0.25846392,0.45996574,0.034795124,-0.77713436,0.03299122
E09000027,-0.13053249,-0.4099568,0.38995537,-0.70195633,-0.43559277,-0.4031689,-0.42767608,-0.35745162,-0.1404646,-0.20021603,-0.2838104,-0.7121172,-0.5941783,-0.25017425,-0.4434774,-0.32136056,-0.75437033,0.032309305
E09000028,0.49266508,-0.4099568,1.1203727,-1.0351254,-0.5710317,-0.6440429,-0.39619333,-0.41346636,0.18863232,-0.20015645,-0.13059214,-0.4888747,-0.51782846,-0.24363047,-0.17582913,-0.31027263,-0.7623197,0.03280079
E09000029,0.22678442,-0.4099568,0.44114107,-0.7797339,-0.41431907,-0.40386894,-0.37857547,-0.35402706,-0.18005429,-0.20209007,-0.12224749,-0.59393865,-0.60938895,-0.19182436,-0.35779428,-0.27891287,-0.767127,0.032692056
E09000030,0.9032921,-0.4099568,1.1227406,-1.1458222,-0.4500528,-0.8942408,-0.394296,-0.4767961,0.2586568,-0.20032938,-0.04095417,-0.6375176,-0.48625627,-0.1889128,0.9323424,-0.24041852,-0.7546942,0.03299122
E09000031,0.66507834,-0.4099568,0.895096,-0.9027456,-0.38487193,-0.46250305,-0.38628685,-0.3810355,0.07095511,-0.19824153,0.47102684,-0.734295,-0.5534342,0.12714736,0.28225297,-0.089019254,-0.7754783,0.03299122
E09000032,0.47426414,-0.4099568,1.1684324,-0.9952022,-0.6710352,-0.73665816,-0.4166675,-0.40488285,0.13756773,-0.20041628,-0.35619715,-0.7395127,-0.5266042,-0.25447917,-0.28760982,-0.32053784,-0.7566609,0.033066418
E09000033,0.34161773,-0.4099568,0.76734227,-1.067159,-0.69912595,-0.53199893,-0.38397357,-0.36198676,0.008202979,-0.12858284,-0.3549134,-0.74214154,-0.467196,-0.23979776,-0.31168878,-0.16423324,-0.7802966,0.033066418
W06000001,-1.796105,-0.4099568,-0.3719655,-0.9325588,-0.67892563,-0.41029188,-0.3856109,-0.59953815,-0.6631048,-0.20003559,-0.4611751,-0.76510584,-0.5268367,-0.24666254,-0.41542965,-0.32508475,-0.7574086,-0.050039917
W06000002,-1.0901651,-0.4099568,-0.10016916,-1.2588518,-0.6380672,-0.40323982,-0.41123092,-0.46982175,-0.5997857,-0.2006483,-0.34574047,-0.74666584,-0.5211607,-0.22346184,-0.3269154,-0.32479593,-0.816069,0.010748887
W06000003,-1.1023825,-0.4099568,-0.14385827,-0.90979457,-0.7472849,-0.41333142,-0.3810133,-0.6017774,-0.9445764,-0.20037338,-0.4861494,-0.76806104,-0.51906186,-0.25097397,-0.4061217,-0.31437442,-0.7699153,0.0066084093
W06000004,-1.0156018,-0.4099568,-0.26792812,-0.8743165,-0.59083253,-0.4095956,-0.37806615,-0.5403913,-0.53583837,-0.20060194,-0.45876786,-0.7704509,-0.5320213,-0.25573722,-0.37082627,-0.32461748,-0.75437254,0.016302213
W06000005,0.3676821,-0.4099568,0.10815756,-0.5621584,-0.5584208,-0.4043035,-0.37262282,-0.45139667,-0.31777596,-0.20041133,-0.4227265,-0.6604649,-0.57236516,-0.2497932,-0.41060364,-0.29759863,-0.80665463,0.019565
W06000006,0.10229734,-0.4099568,-0.02273082,-0.61373323,-0.5118476,-0.40306544,-0.37662017,-0.4228624,-0.3140896,-0.20210226,-0.39026934,-0.60729676,-0.5643921,-0.2546677,-0.41740677,-0.31375426,-0.7560329,0.014539059
W06000008,-2.0956867,-0.4099568,-0.36280274,-1.3549019,-0.7221635,-0.40302765,-0.4162475,-0.5565575,-0.6848453,-0.20034754,-0.4030708,-0.73019904,-0.5114473,-0.25562736,-0.29820108,-0.3254258,-1.0057788,-1.2483196
W06000009,-1.1831086,-0.4099568,-0.09459514,-1.0371358,-0.6619434,-0.4106534,-0.38513252,-0.5842142,-0.71361685,-0.20085515,-0.49086446,-0.7694832,-0.5251334,-0.25405535,-0.3861875,-0.32543567,-0.7542683,0.016302213
W06000010,-0.21978909,-0.4099568,0.32670417,-1.026192,-0.61368126,-0.40762976,-0.3793411,-0.5284045,-0.54599667,-0.2015679,-0.45450363,-0.72200006,-0.531254,-0.25583115,-0.39687693,-0.32268205,-0.75421923,0.029129025
W06000011,0.76527375,-0.4099568,0.71264267,-0.5045533,-0.61406344,-0.41218194,-0.40728214,-0.4006922,-0.39884698,-0.19999646,-0.3788313,-0.74043703,-0.5329374,-0.25577044,-0.3811887,-0.3254877,-0.7601655,0.030656887
W06000012,0.81239057,-0.4099568,0.022367196,-0.5779597,-0.5825192,-0.40330225,-0.37588114,-0.4514926,-0.35836545,-0.20137228,-0.41283253,-0.41416517,-0.5547132,-0.24385327,-0.4617321,-0.32315865,-0.7696172,0.028237216
W06000013,0.34730634,-0.4099568,0.035587706,-0.50996983,-0.592665,-0.40301818,-0.3726701,-0.43258157,-0.31843102,-0.20174566,-0.41813424,-0.46691513,-0.5541325,-0.2530297,-0.45840484,-0.31323698,-0.75542855,0.026193943
W06000014,0.05373576,-0.4099568,-0.04873162,-0.5454077,-0.5513382,-0.40468037,-0.37331164,-0.45241183,-0.3888903,-0.20204228,-0.41146064,-0.655831,-0.5493901,-0.25485364,-0.4353876,-0.3181306,-0.7553984,0.029935114
W06000015,1.7901187,-0.4099568,1.3535007,-0.63552564,-0.49004528,-0.48729968,-0.42022383,-0.35357428,-0.10619173,-0.20053406,-0.21113656,-0.7704323,-0.5299288,-0.24463668,-0.22120188,-0.31054008,-0.8326702,0.033206414
W06000016,1.489669,-0.4099568,0.6729155,-0.51111114,-0.5374159,-0.4044079,-0.38762224,-0.4092668,-0.24899273,-0.20182948,-0.36270604,-0.44070646,-0.562906,-0.25366977,-0.4377937,-0.31695256,-0.7583574,0.031291537
W06000018,0.9520239,-0.4099568,0.28206125,-0.50429785,-0.53059185,-0.40292546,-0.37698808,-0.42060488,-0.21971987,-0.19943805,-0.39007846,-0.4179685,-0.56723315,-0.25068024,-0.43182394,-0.29330996,-0.7848999,0.032692056
W06000019,0.1296301,-0.4099568,-0.37266818,-0.5050582,-0.6250432,-0.4030079,-0.37340337,-0.43040583,-0.27177656,-0.20036004,-0.38312972,-0.21691398,-0.5368556,-0.22996381,-0.4331759,-0.32496333,-0.7659422,0.026193943
W06000020,0.082449734,-0.4099568,-0.27942085,-0.50175506,-0.557805,-0.40288696,-0.3825698,-0.4297353,-0.38676143,-0.20218082,-0.393852,-0.5210412,-0.5592261,-0.25575134,-0.42135778,-0.30995914,-0.76974076,0.029935114
W06000021,-0.6589521,-0.4099568,-0.27395618,-0.88469046,-0.7141719,-0.41363958,-0.37709925,-0.5540371,-0.69163716,-0.20104477,-0.4645461,-0.7517118,-0.5519663,-0.25554398,-0.41767102,-0.30991682,-0.7569936,0.02725967
W06000022,0.35964933,-0.4099557,0.09256858,-0.50173086,-0.43093234,-0.40497538,-0.38364407,-0.369981,-0.22735363,-0.20156206,-0.32318538,-0.7248199,-0.5495645,-0.23956256,-0.3237572,-0.30752483,-0.75740397,0.03334154
W06000023,-0.95713794,-0.4099557,-0.046889845,-1.6195906,-0.74797,-0.41594565,-0.37469158,-0.646149,-0.7784972,-0.2003179,-0.50369453,-0.75870836,-0.5224604,-0.25345364,-0.39958963,-0.324552,-0.75427735,0.010748887
W06000024,-0.3248481,-0.4099568,-0.39348215,-0.51401556,-0.50787205,-0.40375096,-0.38425228,-0.40491894,-0.22412375,-0.19838896,-0.34174293,-0.29479215,-0.5778965,-0.25587463,-0.40948,-0.28673664,-0.7642385,0.021065347
E06000052,0.59969723,-0.4099568,2.0731885,-0.7552262,-0.66445565,-0.409566,-0.37655273,-0.5625828,-0.59436816,-0.20143084,-0.49803865,-0.7669502,-0.5257613,-0.24914736,-0.39039004,-0.32539427,-0.7550428,0.029935114
E09000012,0.56753635,-0.4099568,0.9622395,-1.0897039,-0.45535067,-0.6921342,-0.41995776,-0.43191767,0.20739904,-0.20038097,-0.026432246,-0.74202126,-0.51235,-0.21545447,0.09283783,-0.30011085,-0.76792455,0.033206414
E10000003,0.47759798,-0.4099568,2.2641373,-0.6695268,-0.5233435,-0.40325406,-0.37520415,-0.39079663,-0.33711863,-0.19766644,-0.3978813,-0.76278317,-0.56443983,-0.25513136,-0.4072034,-0.29606318,-0.86379194,0.032692056
E10000015,1.0757921,-0.4099568,2.7918732,-0.5020194,-0.43235874,-0.4029588,-0.37285054,-0.3625578,-0.32393306,0.47896892,0.90875727,0.4957092,-0.19260983,0.07431034,-0.519411,-0.2705494,-0.82262707,0.032692056
E06000047,2.5231335,-0.4099568,2.4049764,-0.5872103,-0.6232565,-0.40301,-0.37791732,-0.4361372,-0.35330546,-0.20050743,-0.46568096,-0.54629916,-0.526848,-0.19477563,-0.46380943,-0.32344535,-0.77927643,0.03184362
