code,logPOP,dPOP,dHHS,d1,d2,d3,d4,d5,d6,d7,d8,0-29,30-59,60-89
E06000001,-1.309801529330394,-0.06809765285125813,-1.0649803953444368,0.6060705588049607,-0.07850614380763184,0.5177329549848994,-0.6130934938140334,-0.782658408310747,-0.602917663043521,-0.49700964596992697,-0.3548315244730935,-0.20230442166724674,-0.37419965503696545,0.3632109201977738
E06000002,-0.7925806489934923,0.628083956214515,-0.35115986641232366,0.055601409189771876,-0.3352176389641903,0.32065590396853044,-0.139269077376199,0.4413280722729169,0.21396452319988593,0.011974829877250175,0.12200368096005924,1.0958869206839195,-1.1603283749835076,-0.2558572456785634
E06000003,-0.8274185198373593,-0.45392838786331396,-1.13948879596017,0.17654679655893596,0.5434050765875963,0.47681460934569525,-0.5164111024087129,-0.9483592643730081,-0.853430180593945,-0.7240751418165782,-0.7370949652628495,-0.7215437568242603,-0.758580078402209,0.9775725836359985
E06000004,-0.3671434462068968,-0.078473585310979,-0.21379669531175835,-0.7537235101370569,0.4818715885032403,1.0659493547417669,0.36154036157483777,-0.02623196945374768,-0.5933393240568333,-0.5241993835869201,-0.4615479059350903,-0.1711957856632625,0.010912481934280962,0.16072556082364628
E06000005,-1.143746899607111,-0.4719873543553473,-1.1997754906834661,0.41183228689097706,0.5955083052930187,-0.18961413647325018,-0.7810867630431043,-0.8625198993565957,-0.684666878903383,-0.6785775129954547,-0.6343776861216918,-0.5991650741875393,-0.08021341814113446,0.5172715294512535
E06000006,-0.9008938072045178,0.28279326739497085,-0.5301884081754864,-0.26428487970408376,0.011224384565729533,1.2328998486516967,0.27919599656917876,-0.34603927909494786,-0.5098962201330755,-0.5785259214756948,-0.6005423983665827,-0.13733188816116235,-0.09656517015129423,0.2164591167783483
E06000007,-0.28846202540720267,0.06604732574781784,-0.3408748043466766,-0.48879591754519286,0.42683608576626114,0.8450423656412,0.593604493094104,-0.6101451341206439,-0.7263285984400285,-0.8221234436653128,-0.6453160512318593,-0.5228850506226151,0.5323170860550664,0.17587415621748795
E06000008,-0.7167034185640703,0.003872397747579077,0.3501829115724321,-0.09315743502439539,-1.0931958710183767,-0.22594291453879695,-0.07326012208424498,1.5273422327750839,1.8999750810265121,2.0708353246102393,1.6528976349660531,0.9947835552872836,-0.12958243664320587,-0.685572447718924
E06000009,-0.8064190090818032,0.9305083777990708,-1.787988989760878,1.8418147176912607,-0.3550570507706324,-0.8277224267463124,-1.6300053214052033,-0.9239845825296609,-0.6091371115756207,-0.4935695821717292,-0.40126969783300853,-0.3664652483303847,-0.4521673841091672,0.5240083676095096
E06000010,-0.019484997454251855,0.8419747607723165,-1.1096686961637632,1.1697895894746624,-0.578685774821147,-0.301064187064974,-0.6028789830194166,-0.5657835404749844,-0.2535545736961676,-0.2991760081164619,-0.2705730092272963,0.9938227216563107,-0.37110710327541935,-0.5702458064017943
E06000011,0.32526870476692976,-1.3874414023633708,-0.733166732447908,-0.8338155889382409,1.8683694839283147,-0.4421062761728921,-0.15330371681269014,-0.9548721097226402,-0.8748837997271129,-0.7699810211240048,-0.7128410263557824,-1.677654254098811,-0.6774488446576846,1.6970202239733794
E06000012,-0.6359644081846579,-0.16693251984285948,-1.1969778503469866,0.13376297831418485,0.7000300713703445,-0.23239116799528853,-0.5854648443232267,-0.6413345921389981,-0.5575498186749911,-0.4515576967309784,-0.669458150536006,-0.384895792472243,-0.4206777525874926,0.5168751657061431
E06000013,-0.5388838515704097,-1.1425238352578662,-0.48157045429392764,-0.8300502965785198,1.1112421185403396,0.4990948533729653,-0.09090341578105357,-0.4778729642274179,-0.36532344045164716,-0.4126302033957436,-0.4574753691739509,-0.7723714991285863,-0.19231141240379276,0.7228626006594
E06000014,-0.2848295043459177,-0.22972956411049447,-0.08009181520945832,-0.13944297069042733,1.07707331747847,-0.5842724179310952,-0.5178361882009632,-0.7417164952573597,-0.35969773584261006,-0.31448178111159647,-0.5861783161945616,0.8585461662704449,-1.2749844909860106,-0.06369582797919789
E06000015,-0.03159849156359698,0.7723583318411498,-0.10378944806791121,0.035347493272221704,-0.2144514673795658,-0.3446424252177323,0.14877052366085472,0.14034431241665896,0.4149392005844096,0.569827222362318,0.3818544357950609,0.8251832916295916,-0.45570124763780034,-0.4470809177563269
E06000016,0.37275138086483234,1.0343182615241961,1.636306947773809,-0.18487440312386283,-1.802179457129056,0.07285561166932537,0.9582007330756265,1.6849087959645732,2.099192487152355,2.4207422748735348,1.9834295955772614,2.4145814687751694,-1.3341148136824277,-1.2489785161493252
E06000017,-2.3882868577947862,-1.6145605648300918,0.5977244256727863,-0.8482058063619333,1.9954306084516513,-0.6414832101791499,-0.31911467869201,-0.7220640527625869,-1.0252202802919193,-0.689695072453787,-0.6368245161868386,-1.3175408954989727,-0.737207332343119,1.391580260947163
E06000018,0.29421945486684176,0.9706973983771626,0.49109214660519057,1.3807496334268812,-0.9308714018046477,-0.61912715963527,-1.5136912814722518,0.2652447882389681,0.8463859810156513,0.7022101976148336,0.4211134493693999,3.0981297334919664,-2.07508031377543,-1.424526506196106
E06000019,-0.39662750939302593,-1.7114075380185456,-0.36473244495045204,-0.49803732560722525,1.3310759942777972,-0.75410449923518,-0.21965955733777465,-0.3950757671396243,-0.5042102183258798,-0.5447583617080148,-0.5557673631142626,-1.3385554504359807,-0.6187646876513807,1.364890407856542
E06000020,-0.48455207629567915,-0.377572929116712,0.7844323286733297,-1.4055688403100959,0.5602815678062907,1.227049200729039,0.6664581184393592,0.6710485338169379,-0.061692230377340194,-0.01443966567031919,-0.27784688631156834,0.19724358522792992,0.056829728746553586,-0.14060059783974935
E06000021,-0.03616372824315135,0.6515144235144903,-0.7431447615640531,0.5416338468052178,-0.1389197142404323,0.2654245551452082,-0.6711859237232,-0.4763713176534403,-0.22873689536181832,-0.06975236958739499,-0.045037970481141464,0.5645305154357976,-0.5029499815742426,-0.15368837456127096
E06000022,-0.3934758604602082,-0.45030184512123206,0.44208418650256737,-0.02141825685751458,0.516079284882954,-1.0131826487407325,0.3753023780233167,-0.1510555819479926,-0.519342398524658,-0.5491768542970434,-0.5790988353612879,0.9914807993714053,-1.7134435299085455,0.04539243980973636
E06000023,0.7125079114508779,0.940706024766529,-0.008673992464378265,0.7563894043547338,-0.1333625013226256,-0.8036982497810243,-0.7095570289247946,-0.3066798460077651,0.13061614756523973,0.2091875034077192,0.2502013260915359,1.9147999644511986,-0.7030309409329988,-1.1927641125914878
E06000024,-0.2584776266294664,-0.42656914946295205,-0.48162510385416496,-0.0011684307080768225,1.0850748830149648,-1.1049299549201599,-0.17379060563636015,-0.7100108057210357,-0.7582939945806794,-0.7887879052889593,-0.5876084578046995,-1.1565291179440798,-0.3694050152767643,1.073790830701075
E06000025,0.09813203838182324,-0.4308557968945401,0.5478227626494773,-1.0645399141258216,0.7328383854686248,0.13468675789948567,1.3781202123997403,-0.07739842103619937,-0.6229126945633676,-0.6409236752363853,-0.673219732558419,-0.198426288769687,0.19454062263786084,0.05463753022939816
E06000026,-0.00822938050519644,0.7493426490742642,-0.672720940503387,0.1671701388221333,0.46191849963955445,-0.31965359129789306,-0.6162547283880652,-0.36618060309058376,-0.19307454844058866,-0.21812823764122813,-0.14990441901727009,0.47601137218692074,-0.8546077092932411,0.05273041532056646
E06000027,-0.8356161383950638,0.4585240641312113,-1.1000350152615241,0.8851653419861768,1.030420749803325,-1.5741494820590547,-1.6181649279738046,-0.9522294884257093,-0.5943789189821472,-0.5373120072569126,-0.5102137465803136,-1.464609796933822,-1.1976087794150165,1.7299463060820763
E06000030,-0.21715898729472452,-0.06202447101281088,-0.1098182577535563,-0.292730662456587,0.2510725483482761,0.33490564594239913,0.38723897054396667,-0.3277954951298466,-0.41288644639565253,-0.1879964201877822,-0.24609612247986584,-0.22497718435140296,1.05100323039023,-0.3361018605289095
E06000031,-0.3360526441660827,-0.40634437976655674,0.9395891130137148,-0.5157753155561556,-0.14390324730694282,0.38328590999499335,0.2552199956406318,0.4393194244778942,0.6692325174176106,0.6661041630648247,0.7212432894933726,0.61356651899311,0.47096828096698123,-0.7237604147500868
E06000032,-0.2702959830240289,1.0373187837095472,1.591873383287885,-0.86173601356432,-1.6651640026280836,0.7425724094986998,0.7890035052714798,2.031902271018775,2.7420646173781686,3.1140842345365485,3.1791635274877126,1.2471779467288422,0.39710513949698106,-1.1896967683373842
E06000033,-0.4617547448373135,0.9236719863052991,-0.4107337225115013,0.4876005840587106,-0.09560525763481068,-0.4973891829908383,-0.08314616943531863,-0.2282919991370913,-0.2907206452125732,-0.3262377204664694,-0.3669811921167305,-0.5020390592314047,0.42284538283483014,0.13699499540583113
E06000034,-0.5239300944051031,0.009068421586741275,1.24635159756442,-1.1413364999627864,-0.6288412924608476,1.5590392762412109,1.924790476705909,1.000166004958813,-0.013433834882460527,-0.06538662551023997,-0.3609044162159899,0.6146174000476724,0.9128683367334169,-0.9203116709274635
E06000035,0.06879188162758927,0.2141804857838627,0.411071808741387,-0.7692889193078946,-0.23085452693870112,1.1736054472474138,0.9539471227356796,0.43321259995197164,0.1044518129146402,-0.16244591759179403,-0.272895801530665,0.4323787786543705,0.13851628227803423,-0.3817714378028142
E06000036,-0.9697968077651666,0.040184593258734747,0.6447039047576107,-0.7733358788882199,0.0643982047471782,0.7154171082228663,1.5511931081849784,-0.15519176931986844,-0.49669294313977097,-0.5434084968810929,-0.5988607686124205,-0.04032359658478643,1.3580173553446193,-0.6375045125381859
E06000037,-0.6448181178572167,-1.066869724513153,0.020659124225896896,-1.2399050973763477,0.7593211176591518,0.4827590143373293,1.3182175123821829,-0.07861427447153413,-0.42660328021149263,-0.5554780834594141,-0.611390867677618,-0.5809429326198492,0.35816880055453076,0.29588487063850505
E06000038,-0.6185111323310196,0.8923342618916233,0.17285791404540182,-0.0354232346035643,-0.3269360551740153,0.11609514551482245,-0.02350634666909316,0.3085099437432828,0.5509187866046754,0.5316523733588445,0.47680339771770286,1.3805672853525162,0.2596774001363488,-1.2371178139596721
E06000039,-0.7180306923461373,1.0096570036745387,1.9674295805935178,-0.5798644062802983,-2.641880562828412,0.8568882484965037,1.3994383366230305,2.9322277184947483,2.8801251705487827,3.0613641272946546,2.743365645863197,1.230903659465779,1.3396423233659958,-1.6385395089804682
E06000040,-0.7022029497557353,-0.22734031981936353,0.278023787254437,-0.6020836036518059,0.06374187321939419,0.10100372236397515,1.1173934551006452,0.22536904059425467,-0.20639458982029849,-0.2146033728225633,-0.08001441237898425,-0.572724971544937,0.7965347525212436,-0.0004946155091782492
E06000041,-0.5475247462520142,-0.07655381460664924,1.4403652480550586,-1.880572799067742,0.5807682463380116,0.7587693331907588,2.425447948753038,0.46408581885516226,-0.3704670793504672,-0.4345322202541357,-0.4922818479216012,-0.3622545277654266,0.8224562426070782,-0.1364126462300785
E06000042,0.02678543646205772,-0.13993484283745938,0.9438912402641122,-1.227208539878099,-0.0791827766720281,1.2876808860960365,1.244654697282444,0.6967000939522833,0.17882628482452587,0.23141314094350252,0.029569615517134138,0.31418438329387155,1.070577933433088,-0.7661214861604018
E06000043,0.12357165195724908,0.7853352946374614,-0.6944386548214979,1.451357677202459,-0.24229362014762654,-1.0404454809661687,-1.0986287603449019,-0.6201542548437746,-0.41709133580756524,-0.5643445472766644,-0.5069490552589374,1.2152256163471244,0.22253580577478901,-1.106377446131265
E06000044,-0.2593425259194769,1.1328316359121948,-0.11141133420073245,0.3566383051053771,-0.41999735639171876,0.0991204025992186,-0.2057454643371038,0.3934833218506307,-0.026194533797727616,-0.2139465189183259,-0.27705899823319535,1.6581944902561618,-0.8783755231153513,-0.8835011275415979
E06000045,-0.05532735566932386,1.0496501445634365,0.15736923647172385,0.7869284960602343,-0.5796353390239602,-0.5553684699704295,-0.5334458924786194,0.1905711140054302,0.2796553269255331,0.41604834559963494,0.21615505088991124,2.2134175811527514,-1.4169926367028143,-1.058499493831757
E06000046,-0.7855036899898765,-0.7233177270286063,-1.0435865123783148,0.49167108689685474,1.361693505795979,-1.4563553733767358,-1.506833499779965,-0.9524010818501718,-0.5347590161825085,-0.5766909681405663,-0.570530872772409,-1.7567906755968616,-1.387144609253592,2.0680601452507577
E06000047,0.8826487919528915,-1.0324048745495458,-0.8137336216694098,0.13806582737052558,0.7368393563117868,0.4906113980062747,-0.6794870213990862,-1.1643381478427584,-0.8402253801760935,-0.7764961072544395,-0.7047710912332803,-0.36882951506713957,-0.657051102891555,0.6635398730036616
E06000049,0.4753428699916795,-0.8094852696538005,-0.6171336538763526,-0.2681120904161728,0.7898486327100062,0.12477252809015811,0.15543007658651098,-0.8508559431615649,-0.7843965470168048,-0.801121425620534,-0.6888428922628709,-1.1545796001429034,-0.10083335632950781,0.9484653695596097
E06000050,0.33228583500301767,-0.7216316621566747,-0.5392691907566572,-0.29404831376551144,0.722014696715797,0.10816001105414237,0.0693734146141164,-0.6169431419782145,-0.6104654891882194,-0.6151655368233887,-0.5994205961029491,-0.6977556595304267,-0.3028860901984888,0.703884490277404
E06000051,0.25656595219652434,-1.6176356155758747,-0.21932834631559184,-0.45485247868168144,1.277837348471232,-0.6858668041966857,-0.16461063480834914,-0.42618958928234907,-0.6090090726544174,-0.6178384727041439,-0.6385445541279101,-1.3937802146369243,-0.48449048112831433,1.3462541727451698
E06000052,0.9735182467347196,-1.3082176758710404,-0.314104994670416,-0.17084928196422391,1.2897431872728935,-0.8699233015478349,-0.6742476609318033,-0.6546233550860245,-0.37443924549205565,-0.5051951971074412,-0.4973044892123163,-1.168465550440425,-1.0060811804253662,1.4404117088685773
E06000053,-6.040886897583791,-1.3443534169590057,-1.3912793165786328,0.8230485059773909,1.3186121970914462,-2.3928231394136423,-0.7482482143156649,-1.2351770704169203,-1.44244236791313,-1.0403350119527586,-0.2895865603296741,-1.9026918655578824,-0.3063628973441636,1.514777580947005
E06000054,0.8087830498555649,-1.332643658400167,0.18047793428127093,-1.027645285067297,1.3227678086154937,-0.15666569064125624,0.47948078949111367,-0.2516538239542833,-0.6106345065133794,-0.6525323904214582,-0.6283737353043285,-0.8695850409560536,-0.048517834144775646,0.7010392514989339
E06000055,-0.5315636877915169,-0.7389620471673073,0.8590296670054057,-0.4856506635327853,-0.08149282675592366,0.5989406534072639,0.4210223750230553,0.30741259980558583,0.16304232393674625,0.06085346342654508,0.24242916705088344,-0.08485634387562957,0.25555990126942996,-0.07968828536502763
E06000056,0.1138068557670713,-0.6626168946826109,1.096091858215095,-1.2327722974396773,0.6332781086697078,1.09550786108528,1.205953618325571,-0.13309518213590305,-0.5730489585761644,-0.6856503419194039,-0.6250642323083124,-0.480909600271613,0.8206608782467538,-0.005469758042341728
E06000057,0.25381510063607526,-1.932836402955518,-1.0118209034820014,-0.21597446057194672,1.4328774358830485,-0.4849535254968683,-0.5661892703682925,-0.9933693796998476,-0.9036294519031232,-0.8342424372496989,-0.7557678507174246,-1.5252628698240713,-0.5473989190218537,1.5066683708053348
E06000058,0.5116255450218524,0.5652577418311743,0.8294551146298814,0.8152032768702234,0.4029753635702864,-1.1028446343296374,-0.8938872863728153,-0.6971192046344523,-0.4600047277400721,-0.3856559419993251,-0.37351265283706037,-0.5595228457933672,-0.38479087625232905,0.5757632961871182
E06000059,0.45662151935892964,-1.3396703046985357,-2.1064725374966957,-0.22928489960558932,1.8444567379967678,-1.5200284748226165,-0.8271895669752869,-0.782812999456504,-0.67341051692104,-0.7033217131637076,-0.659796407624308,-1.8756719109627624,-1.440646067383212,2.1743966896886726
E06000060,0.91533948962719,-0.7752878305782338,0.8317969300849773,-1.220776663694124,0.4299402370217705,0.00422820753349647,1.4267654689179257,0.5694361883839746,0.06515793179348163,0.012540979651276492,-0.05256448839930363,-0.3826676560438423,0.3220911040712462,0.11888560243274449
E08000001,0.10898621985050398,0.45564387693204006,-0.32021752952825566,0.2887491263542915,-0.39229839682597595,0.11807858496563399,-0.19567418261047004,-0.07414045863539324,0.3101867714302794,0.4168295503120829,0.36612792833920654,0.35908069948581134,-0.16776944407197103,-0.17556528882937894
E08000002,-0.40856464425476574,0.3941827566956863,-0.4451788152429563,0.08230624997297588,-0.09119351087766416,0.371469991216131,-0.05254473894054878,-0.23829507539968903,-0.203218694081108,-0.010842971528173847,0.14102652385474446,-0.055511920462348686,0.09178345379125902,0.009195311135410831
E08000003,0.935832248417394,1.0522507325377117,0.7704079650347895,1.148097460048801,-1.079792985776031,-0.23369575105216453,-1.2592987947723717,0.23841677079533535,1.0222362534499538,1.0991152190704965,1.0832579386806263,2.904513230992733,-0.7873535930637322,-1.903217096961686
E08000004,-0.13497103005431227,0.2973912178006744,0.5101717853061466,-0.2219439655288994,-0.673829117236194,0.7523818305807676,-0.16534604123855734,0.43110610721173476,0.9821915553376708,1.5685117366743646,2.067724280954341,0.8023199793211103,-0.38556579800950824,-0.42661368015792683
E08000005,-0.2159129156299943,0.19743517387938056,0.014080521328471953,0.3693656445872904,-0.622497080084133,-0.028408315408764147,-0.43756604239498487,0.31423717641746635,0.7494483412471233,0.8742347118854928,0.8158043616213003,0.5078130188970733,-0.16145513070689813,-0.3041897956037601
E08000006,-0.024089716374523572,0.6222477245985111,-0.1829480308743626,1.4540799311820714,-0.35502878274250793,-0.438273739573429,-1.4838891927263307,-0.7828668217526106,-0.3670072800466135,-0.1441826653176901,0.3715594898186082,1.0758575115617208,0.025675808280304142,-0.8625528059341163
E08000007,0.13455983105613387,0.5380731525598927,-0.6356743390085177,0.21713504026103966,0.0783639380471345,-0.1465528897769974,0.14304707020570306,-0.3724136781000231,-0.5171464173848563,-0.4174446725431736,-0.49750108596980197,-0.5749499115512385,0.17893618100002168,0.3586576317602968
E08000008,-0.1929145311713199,0.5017726034176647,-0.733043631109175,0.4956972291253236,-0.2922690750427774,0.6671231107200427,-0.44075231280332067,-0.5866834097996382,-0.30843118370217015,-0.16902427044993604,-0.12869108542711108,-0.023559411629711213,0.2077781922953512,-0.040883745010475835
E08000009,-0.13367008243221204,0.4957487477524337,-0.12198936438555025,-0.23240401541526853,-0.19549950049440865,0.39987645174478736,0.647468278804011,0.20386024012062384,-0.22647415170574828,-0.31425129402294955,-0.23232284299528502,-0.24333834665548512,0.7481498428199874,-0.20706340936973133
E08000010,0.27801368920329766,0.3373662169482543,-0.6150850997091026,-0.34856889473305525,0.348260747481304,1.3069312014616694,0.16199375004272704,-0.6990281018410103,-0.7511791808318136,-0.8208326749896105,-0.7024874202277602,-0.4735317696134773,0.38224755561601104,0.23398258075062875
E08000011,-0.7068894276874178,0.33886737037139775,-0.3725341089419552,0.0794903380848829,-0.7544760274479563,1.3834296176485608,0.3876712421881659,0.25289769268128104,-0.2736394930386766,-0.5906312411490469,-0.599798660854962,0.24045599411992144,-0.3725114575353974,0.02075647608130133
E08000012,0.803759413754613,0.9733109578057437,-0.6061321695186181,2.1547078874414045,-1.2725135595843715,-0.6275412965032732,-1.1205988544006424,-0.5218021397010312,-0.3577561477662156,-0.24359458450279287,-0.3876448236328268,1.301642857698215,-0.707050230301458,-0.6574822183584181
E08000013,-0.47942157963625526,0.14985883148938084,-0.7374575556452279,-0.1966636452213198,0.3728200045942699,1.159074868132661,-0.09754382588621643,-0.6387559735627163,-0.8559859572572,-0.7445370214444997,-0.7387386648443172,-0.5566147042799248,-0.10511251356073718,0.5429373300554183
E08000014,0.05900963251409756,0.3584324888790598,-0.9328982265365491,0.3388078726254249,0.024519982147579503,0.017808912190567027,-0.10945741125736351,-0.35276183434218833,-0.5453308402426643,-0.5197663250083203,-0.6077777102728985,-1.0144820346739984,-0.7140195299497901,1.1489109683258882
E08000015,0.2599863655109904,0.45582515274040897,-1.1212468558831525,0.7448415876176295,-0.14540918028308925,-0.10968008705529785,-0.46328295100869754,-0.4895458954985824,-0.5441407907743872,-0.6577858368798727,-0.5560463760399542,-0.709746524051707,-0.43775971117715295,0.7741957760132863
E08000016,-0.08396987479996153,-0.2387372246702015,-0.4180721475234078,-0.3104268959194694,0.8560349204192075,0.6992869405583649,-0.24105975828319073,-0.8934103995970212,-0.863738736617557,-0.8320465036533173,-0.7640042367457224,-0.46530617938472546,0.04229331374552116,0.3782753590441742
E08000017,0.2117610851132829,-0.4571631119040294,-0.3452274776941574,-0.5580865581606943,0.6012709848896943,0.6548921473294324,0.06307597085456117,-0.2542417079350399,-0.3992155521755676,-0.43322984660027336,-0.4877180767410892,-0.3004393960273158,-0.05074669480038242,0.28753247144169697
E08000018,0.007649013587447661,-0.10407485175518245,-0.41716562424402487,-0.5601462101337865,0.594220437322396,0.5652602574262832,0.156337450057952,-0.4575248524625649,-0.31775260611736506,-0.2502398624978871,-0.13589281508498444,-0.2704442955026396,-0.2486495651925069,0.36119332620172284
E08000019,1.0069925694099604,0.27543255742408435,0.02995393253632898,0.29205758488061534,0.011926320970654627,-0.7094171006726377,-0.309771146187691,-0.14251658944442294,0.3472867103658743,0.29426221048358603,0.42391894143319103,1.3588544722691036,-1.1536270226440564,-0.5025338841123005
E08000021,0.17443248175902457,0.6220508329443128,0.2284623423609873,0.9393708007780522,-0.7176002643223108,-0.4596359447465739,-0.5735329789105372,-0.12084405392385288,0.5497020989027899,0.24886643283373736,0.2151107999561654,2.1913508478385926,-1.9210201782818723,-0.7855536999536102
E08000022,-0.3011795473157421,0.5843699042803825,-1.2532548131092087,0.8073634171109948,0.37470889195070217,-0.15811969347856508,-0.6272497723982964,-1.3906845223245594,-1.0532238845514865,-1.019627309574138,-0.7718046457941076,-0.9215754527346062,0.4638739579565572,0.5159163269927772
E08000023,-0.7059339860351331,0.5579987236971109,-1.3959329847299906,1.0653588948066886,-0.06062990789613342,0.2895083601643433,-0.9554315797166626,-1.1904463198184445,-0.9273290114018319,-0.7678245749929417,-0.6123406252160142,-0.6271743929165734,-0.13643107402013566,0.5820779302649972
E08000024,0.06492176101907653,0.4427336266233078,-1.0532059518555714,0.27291772777844336,0.07180421334094102,0.9597050987148454,-0.348498924668606,-0.9410620488258551,-0.6596055999061111,-0.629950165402904,-0.45175082429165275,-0.32818415965745673,-0.3698624483477507,0.5087227735870189
E08000025,1.8532040097589018,0.9478566856279474,1.1687329826825925,0.30645131699167605,-1.5731334675096247,-0.3402729034167951,-0.3518563099080327,1.4405205837819224,2.315239220294208,2.511631387684956,2.8926477037853577,2.0997566815024196,-1.0711032619668652,-1.1399072955786613
E08000026,0.43305483616287843,0.8577879320422842,1.6951001743746386,0.1229553314152981,-0.5733793574273062,0.32302443674533576,0.04043561329733641,0.5073364428178275,0.3186812162592342,0.21799181706454268,0.14609438848507336,2.1146173986220442,-1.2162096866131098,-1.0722196508325348
E08000027,0.25052346785617147,0.7763263730472145,-0.29432570217473236,-0.6397136071453107,0.33666352561310525,0.7688564835837942,0.3796080743793397,-0.151230347674927,-0.20189268382616443,-0.15842075510538486,-0.02707300198423386,-0.301607952623052,-0.28358590440707304,0.3990141109395377
E08000028,0.2771975397563724,0.8816082305746102,0.7996158809476833,-0.29535011017478474,-1.1376495909636009,1.0116476457060835,0.39214536247075066,1.009937254718906,1.2809873752690022,1.2327145617191422,1.0167153620299023,0.7744790873425765,0.13461735015413165,-0.6723241970902614
E08000029,-0.2507258774330112,0.090728499551176,-0.11123428163868049,-0.3989315555923425,0.03831804856288574,0.15063524369343437,0.9731900829934357,0.001722034969857562,-0.32550937743794006,-0.3453780377573963,-0.4436117651564216,-0.4086487386022776,-0.3739281939325919,0.47368955107197425
E08000030,0.09983900219352178,0.6483189623472084,0.5313780774247597,-0.55934358557842,-0.27276542977319196,0.3401596848277591,0.2981675884669569,0.6894788637610693,0.9021987097049422,1.0243411300324,0.6867746214884104,0.508458036712912,-0.41436849118253927,-0.182186607589727
E08000031,-0.0021777537116895386,0.8703017812065454,0.19296155354783406,0.36568412093837044,-0.9195498534924393,0.14751434303179217,-0.05353103444169248,0.7404155317816639,0.6226160331171251,0.5943813279242464,0.16704324643692112,0.5090367250135949,-0.07490308711093066,-0.3761571941717208
E08000032,0.9055426580146158,0.21727657816033766,0.8240835872982836,-0.296756232925977,-0.8661603554223267,-0.4626683672909915,-0.0950564404762723,1.0358283631332512,2.305692637703391,2.5500583213188017,3.185206550235848,1.0089060690562444,-0.32466621700372006,-0.6277254754765307
E08000033,-0.2798128789896001,-0.42503980934775937,-0.729463834132345,0.5116898155144156,0.12880940064996652,-0.5601133046191308,-0.43705945055879364,-0.5897760129572877,-0.16645132607330856,-0.12775636214788424,-0.018298659404848445,-0.37726245613800286,0.22014617631424074,0.20534242885939166
E08000034,0.6464182806601789,0.010941230338289547,-0.014409476929317743,-0.11503377888596629,0.015455247703449622,-0.3879915494337403,0.011430007767451383,-0.04308392093825102,0.5794398515956747,0.7357805401797826,0.7714369984586205,0.20678405174099243,-0.14229264569761854,-0.07777370508462465
E08000035,1.3923176079947803,0.20560438925814084,-0.30587892418721024,0.6501459128772121,0.02445687497533361,-0.6716275430712997,-0.5770954935916938,-0.5004592029690185,-0.11959727175493914,-0.017545782896116552,0.13912531588937285,1.363204188552914,-0.9420776184315599,-0.5959617178040443
E08000036,0.3514626727936723,-0.02302166415445953,-0.2738025113014283,-0.27537246443012403,0.6936032389094039,0.6809793023779304,-0.2005288642674114,-0.7864270748590525,-0.7213800446702923,-0.6214250607550045,-0.5458651065343033,-0.4018403926881212,0.2043422898468962,0.2394107071431725
E08000037,-0.33732903782349466,0.1801199039837879,-1.3063461576405058,0.5446253315902709,0.4884169723847521,0.030756335292898524,-0.7479977919869031,-1.1980932215465792,-0.9308739767159073,-0.6681793333079528,-0.2830767959104212,-0.49574401512790633,0.12191568979615422,0.34849427521664755
E09000001,-4.1752390226309535,0.8861186457013392,-1.5448267728525327,6.520553450538291,-0.7673981540467579,-5.6948063859574365,-5.2186599311066,-3.2644019346747344,-1.4610712625982047,-0.8458778189877687,-0.5891447811544797,0.37557371050951666,-0.10780641543292813,-0.3117116342288535
E09000002,-0.2711630632985885,1.1583444535022516,2.4965293816988265,-0.8042915055289503,-1.9599983072197644,1.7444680116471791,1.2344625279128996,2.57525556080942,1.8223785102570436,1.041335147221699,1.1828437368766906,2.035036314811968,0.5343976716774862,-1.8964923657814756
E09000003,0.5133457067344558,0.9984980392091903,1.8081384389735573,-0.7149788131880693,-1.4339768913013278,0.9372125373570609,1.536075858063838,1.6655501226773906,1.318056785362956,1.0610716678733247,0.9202318560186751,0.3402042357463385,1.070720075405367,-0.8426084151861232
E09000004,-0.07671000104864069,0.9256315068039979,0.6927826452206127,-0.7348482706263578,-0.7372967636090475,0.8669069747092143,1.6395986767737678,1.0578498911137801,0.19974319588416237,-0.12404773527356582,-0.3052398278142591,0.17742024295206996,0.4588753903225926,-0.4083363663452567
E09000005,0.28227451305816914,1.3358529891183157,2.1818498269506836,-0.7572664395780547,-2.6955541816522186,1.119834969871768,1.1664020364942846,2.9982614386794495,3.4505251995345074,3.3388082991316086,3.633754990331414,0.8145990346432147,0.9249016078761724,-1.103494090510869
E09000006,0.29207470486235293,0.5004086350450668,0.010463984744414926,0.11484607497290479,-0.4340839565582819,0.4501551221989029,0.5615711044003011,0.2225115317912833,-0.5399823600608783,-0.579019725634855,-0.5948948804728846,-0.4799343589414439,1.1582594992808775,-0.22252988529031265
E09000007,0.029467624525716152,1.7003692542280666,1.113965453820486,2.4907604844005795,-1.3377930028971845,-1.618279910828004,-1.3170954945227462,-0.4259242406274511,-0.1703141279064456,0.310042785711782,0.2667456372791545,1.0970709629229223,0.9756942988662725,-1.3782481536688769
E09000008,0.4837374449157849,0.9875853718840583,0.6234428835321024,-0.26834786104448566,-1.1266580251014089,1.1705549158175161,0.6785549535594428,1.0911451802151604,0.6684434651330281,0.5415930830765346,0.27430005674115826,0.35802268177563396,1.152213683429827,-0.8620535875284215
E09000009,0.32761330982145426,1.213417560942387,1.047051187036098,-0.5762329327822688,-2.3121135157188064,0.9957926721441084,1.40569092036713,2.502249960437116,2.416795620301003,2.099569164923971,2.2178983839238198,0.4616301875742399,1.3161613788663646,-1.0225691399650267
E09000010,0.29761167826443996,0.9106603495917915,1.186267816734639,-0.7424913046334922,-1.5518159506624252,1.2773066135278761,1.7983281834254032,1.8028790963366201,0.978111618024633,0.5328452420209012,0.4992091619918045,0.801481801998869,0.7571961105569189,-1.0183538583561458
E09000011,0.11070935783589501,1.1908504977619172,1.5047139125999933,0.3299971696326962,-1.5473468863070365,0.2977795540849461,0.45210972988889575,1.1739305571325882,1.1918750720855695,0.7710131794516941,0.6302608990531893,0.887467266535038,1.7976002041933619,-1.602833976724358
E09000012,0.08038119184767667,1.776169979892238,1.0942904383022762,1.0949650677615466,-1.5037326669743876,0.13152661427193446,-0.9591477931937336,0.4397659027765015,0.9985602730478274,1.2638608263486188,2.356833974201589,0.9845411348708062,2.866796733524017,-2.2101586759687994
E09000013,-0.4478924625486455,1.571857028335985,-1.1570163089920305,1.6968403264501322,-1.0768430282963026,-0.682959562993065,-0.9279914987414675,-0.3775383081061351,0.06892346325918698,0.1244789414865234,0.22468385326178705,0.749484082526171,1.896042572085538,-1.5366172230383142
E09000014,0.022977476798520545,1.4922368615625836,0.4700659450074174,0.2956895725086255,-1.3554365701692415,0.41073381699617423,-0.2022604396891231,1.36555055487001,1.0727943483912166,1.2798118248500598,1.3388016322883092,0.546799817309913,2.3596709891269434,-1.5901466653876173
E09000015,-0.06215794963862965,1.0394933712643717,2.13532833851133,-2.080887645994147,-1.6527399344391496,1.4074679673133186,2.9891804521790255,2.960841612221075,2.374198203926774,1.857019498941821,1.3813935793833911,0.1815307700991125,0.570388788234672,-0.4492823260884681
E09000016,-0.020585873110792335,0.5210195455761174,0.6404742860209542,-0.43487157455867465,-0.42311387445403026,0.6627687668144926,1.0485417296290926,0.5865926102623542,-0.14037153063826022,-0.2823838929191553,-0.3614288926621586,0.058260836071258294,0.06375996238651592,-0.1187758809293822
E09000017,0.19123698010187992,0.6259681425711662,2.528860951351958,-1.3993859357856946,-1.2568566451235557,1.1748151399745752,2.117504029592135,2.198455626831132,1.3738005669786713,1.1038069231998653,0.9113245744330999,0.8060994826406893,0.6937680555885485,-0.9897185685479064
E09000018,0.03644648873349103,1.051021105307391,1.559881564076009,-0.8538360421497928,-1.7699482346663722,1.5530345604375777,1.1768757006287363,2.2435376822751754,1.883291679801739,1.578747452016843,1.4500258132112418,0.5288749068403241,1.5563639764711972,-1.1765145283141103
E09000019,-0.10671217403956136,1.8595210411926575,0.261488330694841,2.0343749987422868,-0.3915119533692623,-0.9723924059939412,-2.1655285035271716,-0.9109790919480844,-0.23846197460460364,-0.1296871286044586,-0.14144483733529328,1.8531679812956074,1.0653345275142687,-1.993224643202681
E09000020,-0.6634830539162612,1.7346656966345257,-2.647901787179546,4.010646612017201,-1.300004182406654,-3.153359533181952,-2.6636828860603354,-1.0437450783639275,-0.5901132185160941,-0.40320645963568935,-0.4747620608224124,-0.6011474013232526,1.840598514587393,-0.4528428548854369
E09000021,-0.5011665042194711,1.013569605286741,1.2138105828379697,-0.5448533432771792,-0.7101099115179834,1.1156381648470606,1.3348260468847415,0.6887561307285469,0.0009929048739894648,-0.20674495795762965,-0.29862536217090374,0.3543938804807733,1.2747645796062081,-0.9520395798571845
E09000022,0.2678591266593859,1.6737895510008634,-0.1435895790511167,0.9246577415480582,-0.8590745160039917,0.43401652017929593,-0.8837655078265978,0.06027043095857697,0.26197413413110016,0.13662736909126136,0.016240077757332768,0.967966548797165,2.5420697660460196,-2.0397221360223696
E09000023,0.18699263831884416,1.458135819644331,0.4678762354429922,0.8755391514820633,-1.1809875667230518,-0.16275489067972249,-0.11324270814200958,0.5722588621749602,0.44185341068828204,0.05479302344044613,0.08265576565944163,0.6075141812812276,2.616129005294487,-1.788454929927725
E09000024,-0.3095110581609292,1.129431055525316,0.41050811940573706,-0.6181943866513503,-0.9113241150586913,0.881101202794541,1.1365003006024226,1.1868052079065383,0.7974875050199235,0.48427109282742226,0.23970099244271337,0.09335875824802127,2.1123306846841547,-1.130632654052268
E09000025,0.36885321077435873,1.5120139551116945,4.535433820597233,-1.169719857472897,-3.3663947450090763,0.4176771666536859,1.1742667131959907,4.397522396544886,5.597632235500485,5.716365631148026,5.741460554225635,1.7771541859840065,1.558130982013173,-2.1724275865319855
E09000026,0.18442591915719622,1.1086679337373009,2.613860742017385,-1.343471068788046,-2.1360987763345025,0.970034569493212,1.928923165353617,3.389188753135064,2.7390882809838417,2.435784160508522,2.3855168352905376,0.8821938919142484,0.871206361855849,-1.1526744357155276
E09000027,-0.3628501017581238,0.784244137699352,-0.27502720526250396,0.46784412432859307,-0.4841001498095739,-0.07565504835114228,0.6420124165299735,-0.15739089547476454,-0.63634975113526,-0.8227564981311127,-0.6360772870103681,-0.6012018986373242,1.93536267588259,-0.5192654976458246
E09000028,0.23959751973617083,1.572659880420296,0.5310278904033287,0.695300886438087,-1.0401259690166182,1.2092346094114506,-0.8372940416041708,0.028419196531820574,0.5821628258786897,0.4723972791508928,0.08123114952124591,1.0137052374863305,2.3325712297462586,-1.9683450652433596
E09000029,-0.3107302852279605,1.0090451932061941,0.4925003605407889,-0.09109535160804723,-0.9419147845933674,1.00725939042689,1.0888013939207903,0.5124014544687754,-0.08370627854087868,-0.3476948092092123,-0.47243905049995905,-0.20525563063553273,1.5651862420062543,-0.638662410499732
E09000030,0.2628484870414102,1.8852785905401215,3.227620156051729,0.9853788005012727,-1.0136786215571798,-1.8742645414333274,-1.598363099662848,0.6726863023115017,2.55396641668777,3.522982573649708,3.397476953749829,2.0050185519913204,1.8822322568358876,-2.5200511003429082
E09000031,0.06162898731245186,1.2969946132866834,1.5526733621057867,-0.26704488247823643,-2.426966036709992,1.2543517331823857,1.1254168753168239,2.3229467471191345,2.1648906194347934,1.8311515974521535,1.7095183114153392,0.655478199164323,2.0370990500962045,-1.5473856493164388
E09000032,0.2819139173827477,1.5028572080320965,-0.053129116537051595,0.388912943910551,0.008321121417501517,-0.26467921679872347,-0.5209288699655661,-0.2493324671128658,0.0727284576329829,-0.08787392195491699,0.017824610443523504,0.7228556222432527,2.6020646362780377,-1.872892002769798
E09000033,-0.012013697211334134,1.6260987934062414,-0.322182274487318,3.6986634735149595,-1.137278393036046,-2.759393699776166,-2.7943334654799417,-1.1099187175281193,-0.27182908627239954,-0.2925123659501372,-0.12870366538609795,0.20343911726839392,2.1107292872219583,-1.2257067281405523
E10000003,1.147441118650759,-1.1046646210712558,0.30755083295018576,-0.8550498239882769,0.8300821669301081,-0.04281986302659167,0.7048516167334973,-0.09057190603687566,-0.3982079578517262,-0.49681918418331483,-0.4546066783880114,-0.117539380314273,-0.1457677178325068,0.1478436734822445
E10000006,0.8087526942553398,-1.8409610044082818,-1.3761263133241624,0.3996815648301032,0.9664297460226057,-1.0317414866210712,-0.6163233179121161,-0.9764346284595016,-0.8839341991002924,-0.7941858531947011,-0.708735125591431,-1.3448939930106592,-0.5758065023929659,1.3558778686887405
E10000007,1.4074644345578042,-0.8390580679075423,-0.5990354876774872,-0.4597319450316058,1.169734797846555,0.015756894401364126,-0.07865666140706011,-0.8392237869696231,-0.8228433503559724,-0.7599767556728086,-0.6690820567898348,-1.0123865469388456,0.04528058167577392,0.7999687902660158
E10000008,1.4069616635864728,-1.49119625996185,-0.24360072199171662,-0.09686348804080701,1.4626038677555655,-1.3898927377657375,-0.6995518373738121,-0.6257899529706786,-0.5389909274394313,-0.5256486618721774,-0.5142948081803714,-1.124770587754234,-1.1696097084666692,1.4473468686654374
E10000011,0.945793163714895,-0.8211448110140915,-0.6486267529248086,0.5164169908688916,0.9311516519138534,-1.4278032157523122,-1.0137948892569564,-0.7062723315077593,-0.3829215123769546,-0.42778689130301195,-0.5429086073836579,-1.3458455503711468,-0.9420527521068396,1.463834966559952
E10000012,2.1891662102597382,-0.6246063365610273,0.11148256298035684,-0.5926228810644083,0.5421724030700971,0.015142176222579982,0.6957412655935176,-0.03508486340462307,-0.49533088350293336,-0.5781672153547612,-0.6015002967670487,-0.47732663470415443,-0.1799534852000168,0.46500767202921484
E10000013,1.115162328331042,-1.0333472705367726,-0.17026262372192835,-0.23156739741056792,0.9596634343576264,-0.8459700610871682,0.0018920804734462709,-0.3873403972724784,-0.563339226625202,-0.5006435317132508,-0.5148784183350932,-0.7764535828354675,-0.16912645273524995,0.7006796503872963
E10000014,2.095177028078414,-0.7169984050620579,-0.008807477729036978,-1.0251424508587395,1.109498746304388,-0.051229876959735195,0.6722397203172286,-0.2299778077715496,-0.47013365260154266,-0.44697764270648804,-0.5316677165756563,-0.8291925884502254,-0.10473480334503259,0.6837271966350249
E10000015,1.9049736137126434,-0.2663867542038873,0.4034902116853966,-0.5984913481792972,-0.21535098936607205,0.32897988929115596,1.4753621081705577,0.4220921265527498,-0.25639817364696577,-0.4325268821064484,-0.4974395101055979,-0.11795177334502178,0.6354528664870209,-0.2493249610062336
E10000016,2.265281651152258,-0.5998499140830984,0.35647338659774847,-0.4967776852542163,0.5041047779734134,-0.07628451641497917,0.3114639746209263,0.04337802019568655,-0.12638075864699247,-0.2795806163947934,-0.39936079568208305,-0.2861701551612151,-0.3076396683957346,0.3698285071752809
E10000017,1.936768540247304,-0.6392371267174197,-0.3837653620218155,0.08279453547605778,0.4358242163970774,-0.1920225087826546,-0.3776850396239069,-0.4381655488071139,-0.27189817830791235,-0.24818749109988747,-0.21200835619691358,-0.2640087826919318,-0.6305745589473564,0.5378722943525523
E10000018,1.2453864959881518,-0.7892746159030642,0.49670105132835957,-0.9232430538382249,0.905410837604901,0.07108344208960063,0.7169981749394578,-0.18971127273097008,-0.46413363999410595,-0.4693119376003457,-0.47858211059091754,-0.4196151663890366,-0.2552256331550012,0.4648186055972763
E10000019,1.34036867238515,-1.4576239102883657,-0.27773559305455664,-0.5987458928405349,1.7381941822837967,-0.4128535703711826,-0.6319124008714908,-0.9527362387531887,-0.6302865427520996,-0.5417504952553244,-0.5106157574219456,-0.8794916710078694,-0.8204665622571499,1.124171138783401
E10000020,1.5630506524414005,-1.266791935551535,-0.4711550791927214,-0.3579769840002574,1.648645390258455,-0.8434193825354381,-0.7169287028688116,-0.8318237134473345,-0.6181103074652224,-0.5984948165275656,-0.571135542875724,-0.9230883294601672,-1.0045377546290717,1.2164886738279583
E10000021,1.327096075402727,-0.8314405049758747,0.3883599745761847,-0.7374147483429914,0.7378093187236722,0.24428192269191468,0.4001451500470516,-0.1065222789754426,-0.4188547421237336,-0.3300420379356166,-0.4712040161409992,-0.19449587153679843,0.3261298959245206,0.004719475431329085
E10000023,1.0768323140841873,-1.8086605052292184,-0.620426218331665,-0.38831265688594496,1.4738867921541356,-0.6748889943326205,-0.38432698597786147,-0.807546516434198,-0.6948492973398175,-0.7210632970557456,-0.6574200467000535,-1.4464468033285172,-0.46831174331412745,1.3769475880111448
E10000024,1.4470673700821126,-0.6805059634899863,-0.2889464293073452,-0.6074846307603458,1.0361537972697703,0.3170263156967513,0.04926762413015508,-0.6372983036066525,-0.7081697901348097,-0.6467578331725482,-0.5994966553423349,-0.6976054835215288,-0.027584949334280576,0.5828729878831359
E10000025,1.2191657326259329,-0.9566212800335948,0.648712256180117,-0.8580385469581879,0.5066046823768366,0.14783347639446998,0.9584821718408483,0.0045336285023178605,-0.19958831798274237,-0.24927418140976704,-0.2678955091254413,0.1608419264302601,-0.3003593201409284,0.00015376671411843008
E10000027,0.9570831203414069,-1.29385958387709,-0.29175571863262456,-0.25037967081771445,1.2950405245143823,-0.9392266140828044,-0.4087763420404555,-0.542257696223799,-0.5783801233998184,-0.5463091505339133,-0.5799043987799959,-1.1868398539786378,-0.842270773967848,1.329929155278015
E10000028,1.5231338221466981,-0.7970863282417362,-0.296972803003266,-0.7667142370396749,0.9402411424308422,0.4509200877077744,0.315011685589558,-0.4871553477756194,-0.6125358512935053,-0.5803706856970807,-0.5576812407606566,-0.7998014967584773,-0.21898653648204022,0.7631212764725314
E10000029,1.3405780187141154,-1.1543223198742738,-0.4209272462324367,-0.45044760252654015,1.3309345396074934,-0.8108583689201493,-0.19338510276268192,-0.4512758492840408,-0.5962580434793613,-0.5080454275771549,-0.6102690483470916,-0.897760457698428,-0.6826415171525488,1.0254644038288752
E10000030,1.9120959728058498,-0.2734070038688568,0.419803959523895,-0.8744039224327336,0.21576260415715898,0.15396570473512886,1.5699986403874546,0.2576610746063295,-0.3924572702335254,-0.4993090496294531,-0.5352816422842671,-0.327006515844759,0.2453919459039538,0.08963318147426484
E10000031,0.9919374348895743,-0.8891526772752891,-0.1715690913467352,-0.4351256913043702,0.7859610029823065,-0.033064758012124516,0.16511088421821704,-0.43532038768870507,-0.5338673445773113,-0.46148960305926506,-0.5162252212553416,-0.4506650546131758,-0.2657939948740904,0.4796067471905714
E10000032,1.5005279997798386,-0.6208499793758109,-0.18110879387670423,0.04046205565952144,0.6109622840750314,-0.7265368680784379,0.06825948340144376,-0.5121797767173153,-0.5028653242192567,-0.5927600435979317,-0.5617141256467066,-1.057967465139858,-0.20185417869538935,0.8984067631528719
E10000034,1.0304190932430426,-0.7827006270554198,-0.2508381998191339,-0.6254593798169219,1.1740899485556162,-0.23359857028094513,0.10982540567648316,-0.5249989801251869,-0.6263343309449655,-0.5903786242207311,-0.5216152791933212,-0.8698453749256448,-0.4459870068716778,0.8999769221422489
W06000001,-1.677362765158772,-1.6363029380956462,-1.1951316031310681,0.4024437998396002,0.6157748707847142,-0.9724113459406416,-0.7219016363500436,-0.2047969978267865,-0.5515727497967953,-0.5617457819743542,-0.5878662797472676,-1.308726089295362,-1.2796445958237102,1.6675979470765783
W06000002,-0.9492091799631949,-2.1203100016426286,-0.7885856460350359,1.1725227589831146,-0.18311009086873872,-1.6861854472070357,-0.8483654267186337,0.10564193062648522,-0.10447943256293026,-0.14150508669563477,-0.27737432553249874,0.01832149544568463,-1.860543880468793,0.898828170324553
W06000003,-1.0262140588630542,-1.605871426236199,-1.1916903940002785,0.7784547085808774,0.8202957073705485,-1.597012446071698,-1.1504334077471527,-0.7078532907558276,-0.5108704507758627,-0.5517368296631456,-0.5649521050372043,-1.6350305045380837,-1.3029462111362606,1.8772246432485582
W06000004,-1.2826408062634602,-1.5332039661748698,-0.8541714058725295,0.15748339873635245,0.7342091944761546,-1.0109326727128367,-0.45147812461168607,-0.3851717032587079,-0.3433655106711381,-0.1470524592104733,-0.5240804870804938,-0.8782305493671692,-1.1001089593871918,1.293949409757146
W06000005,-0.6637180161021966,-0.751375799221546,-0.43366161643466683,-0.8485709657365051,0.7075226601399153,0.4843963765318916,0.5537662174143837,-0.0713095319093726,-0.4388006749557924,-0.5115074276489663,-0.5983376412348044,-0.660001477436879,-0.16014314670467736,0.6347388790884432
W06000006,-0.8384690620335166,-0.9491071788512475,-0.7394019951851756,-0.31776153857858075,0.30865499691976217,0.6074011217144019,0.3580802606844564,-0.4426985774798685,-0.5532047361538737,-0.46738309853353194,-0.529752526047003,-0.48944258530063844,-0.04564083720823167,0.4263855103662932
W06000008,-1.6303563528816825,-2.244065944665999,-1.1285827854975277,0.6080556440336706,0.5884429452279737,-1.5439997758191426,-1.1448964083626958,-0.22926396648973463,0.005873393397268449,0.0659896221178859,0.03511383041379964,0.03011346328980173,-3.0619913389334847,1.490864819789942
W06000009,-0.9364987177878128,-1.8068214593700298,-0.8142231518053986,0.0303835554903154,1.140238186547034,-1.3142356896806315,-0.7171146232982756,-0.3109854275654171,-0.33550810952316995,-0.4943581682802297,-0.5608367886465043,-1.1965553865970366,-1.3530424647845454,1.620597491786633
W06000010,-0.4233463684760049,-1.7829718185890095,-0.6878723784025019,-0.1485245622882742,0.7772447834187043,-0.20336660113757254,-0.4155465851097998,-0.3658644127181245,-0.4159175017571354,-0.48691108846588405,-0.5024778773357625,-0.9959111159316103,-0.8438608722363155,1.223085055655198
W06000011,-0.08331933485180892,-0.3326225295538417,-0.7274626676533223,0.6567281779105878,-0.0072414074783442705,-0.47645912509827715,-0.4289759873860865,-0.45625944748862174,-0.42411884437258707,-0.24621576602471384,-0.4152602254278516,0.3498984059282783,-1.113884009185163,0.2777027702704006
W06000012,-0.7718027973033008,-0.8281925374680874,-0.792211337564042,-0.1282379013851085,0.29024518344617245,1.022116421839608,0.05630921520169258,-0.7301457023467154,-0.8191383543292126,-0.7160797057747703,-0.7345938152434195,-0.6927509687079793,-0.18553979186801253,0.6767077611454833
W06000013,-0.7392694538683192,-0.4094317001799872,-0.11762354603953509,-0.6581979983935097,0.6123139130679534,1.2011562400986253,0.24606685959353525,-0.47442952321958376,-0.7600204983537026,-0.7289609762062248,-0.6920069777201439,-0.5768549854099763,0.022103772216713943,0.4883980969705177
W06000014,-0.8607125598769155,-0.6681498871445287,-0.19614975788370984,-0.28297597177384803,0.473429817230278,0.3596686820868524,0.10475508614142584,-0.25224848591259635,-0.62703610013474,-0.5751934500273607,-0.6653759503806861,-0.7051628239928752,-0.23180866621355173,0.6900242919615373
W06000015,0.4172340886386667,0.6059892450231357,0.17498370455979825,0.5927261568212068,-0.5423478797886757,-0.49265052736058423,-0.1826299759426473,0.07085558848340207,0.25491842520462,0.4883541287538098,0.41256228225696423,1.7897811177761145,-1.1475779744063346,-0.8533511722925192
W06000016,-0.11300340769968309,-0.42974158269450535,-0.5620463441165727,-0.19376272135563166,0.0514350894037224,1.1405549585049823,0.2992702378616871,-0.49539576888145637,-0.6062694391539811,-0.7161760935516661,-0.6663015278134349,-0.061025900153809376,-0.3690018677095979,0.26400029242048645
W06000018,-0.4759941457933488,-0.33918107104448886,-0.5118084291470245,-0.9211137324415268,0.4621948142911306,1.4655524733519973,0.5159994338972529,-0.07277742576243239,-0.5818693012296051,-0.613418564359399,-0.584241419180127,-0.3591103968038686,-0.052959911560540154,0.3614174180233699
W06000019,-1.6806355600927643,-0.3524295608381626,-1.1592398013218892,0.21640610070422533,-0.034957545193078705,1.407506463570972,-0.36422473930005494,-0.906759990957142,-0.6277608717581873,-0.6880712001067592,-0.6302580534345412,-0.5770802439279216,0.02184184092241701,0.48653936221282057
W06000020,-1.305783607792254,-0.24514534361373322,-0.4742037341656301,-0.4479285215189561,0.342006472878003,0.947965598974108,0.2846271280363959,-0.37453717997621533,-0.5390109184798736,-0.7294195399468777,-0.4033599757978143,-0.3412220727169522,-0.44408523269108297,0.5082820243236155
W06000021,-1.297344498150684,-1.5566673441804542,-0.3054494684740702,-0.7716966502007507,1.1505114755705808,-0.24402623594916312,0.23654412650401951,-0.2483765601156508,-0.5054612972014044,-0.6636603184930094,-0.4256483942544273,-1.5322278098158564,-0.49037790159087036,1.4399509051254804
W06000022,-0.6753094928678979,-0.19356285922132507,-0.042784699503396466,0.01915279318791941,-0.09330514512208973,0.010256633114605016,0.17354126972422512,0.05720982985325539,0.008299093596531148,-0.2356233518056259,-0.27129077392941,0.2256179148379388,0.06280254438984519,-0.1972007086352427
W06000023,-0.8716675212989633,-2.566225212184345,-1.2894735856626185,0.18528404100563953,1.2501585549939247,-1.688910371152858,-0.9039252405522583,-0.33177441102887856,-0.47102522782552847,-0.4707992668651775,-0.5456484503739526,-1.6143147518230385,-1.369262442486186,1.9603157085203808
W06000024,-1.8662650675658505,-0.4788827780180244,-0.24668188421954568,-0.9426194198911383,0.19601529205457513,1.9244875926306642,0.7282623006001239,-0.23450372524949445,-0.47670361531710403,-0.2807721338813485,-0.6124794194975512,-0.1428584881855767,-0.13997944090184958,0.22585122508580827
