code,final,baseline,logPOP,dPOP,0-19,20-39,40-59,60-79,80+,d1PHHS,d2PHHS,d3PHHS,d4PHHS,d5PHHS,d6+PHHS,dHHS,dCER,days_since_100+_cases,cases
E06000001,0.13882254,-0.799024,-0.91304386,-0.3830101,0.331521,-1.2160362,-0.6785135,-1.1059511,-0.0045643626,-0.16490297,-0.99634117,-1.1983628,-1.0882914,-0.18541637,-0.9791841,-0.9577461,-0.3558531,-1.3314128,1.2876145
E06000002,0.6055701,-0.799024,-1.0134755,-0.2892926,1.757984,-1.6955974,-0.49353775,-1.0681258,-0.5850446,-0.4754734,-0.95774317,-0.95495254,-1.1128385,-0.79117346,-1.0904973,-1.2757876,-0.9025643,-1.2897086,1.2739562
E06000003,-0.07106648,-0.799024,-1.0100268,-0.590414,-0.20751424,-0.98352927,-0.64996547,-1.0416554,0.27173558,-0.3050627,-0.9977062,-1.1977687,-1.1380612,-0.09508604,-0.88595533,-0.9340064,-0.3012336,-1.3013176,1.2778257
E06000004,0.57320267,-0.799024,-1.0320505,-0.39146632,0.6656361,-1.3093742,-0.6651981,-1.1055082,-0.3535451,-0.598816,-0.9952986,-1.1673752,-1.2500777,-0.5093072,-0.9525154,-1.2597889,-1.0685707,-1.297584,1.2862502
E06000005,0.1322967,-0.799024,-0.95869803,-0.60438555,0.0847603,-1.0731618,-0.7883671,-1.1005032,0.15852101,-0.21863884,-0.99617386,-1.044237,-1.0229452,-0.1487424,-0.9349938,-0.8830411,-0.66102695,-1.3149154,1.3070557
E06000006,0.80558676,-0.799024,-1.000731,-0.29111126,0.7872603,-1.2102112,-0.71051586,-1.1048208,-0.77127415,-0.5021158,-0.9887316,-1.2203643,-1.2634679,-0.3735272,-0.96455723,-1.1901157,-0.23766439,-1.3013176,1.2766005
E06000007,0.31782788,-0.799024,-1.0326427,-0.3451055,0.15003161,-1.1722468,-1.0449392,-1.1062229,-0.41034567,-0.5510509,-0.99797934,-1.1693405,-1.2711525,-0.20455687,-0.8994782,-1.1726086,-0.8949691,-1.2897086,1.2907718
E06000008,1.3356884,-0.799024,-1.019532,-0.35955903,4.406913,-1.4798591,-0.5750225,-0.9925682,-1.2160461,-0.57822067,-0.8201155,-0.381962,-0.9407416,-1.187322,-0.6201953,-1.5142537,-0.58139956,-1.3083802,1.3020176
E06000009,1.364373,-0.799024,-1.012411,-0.3705731,-0.014015098,-1.0931962,-0.76691175,-1.095408,0.082872294,0.5322848,-0.99649364,-0.89584833,-0.51491606,-0.15698615,-0.98530346,-0.61872643,-1.356061,-1.3117129,1.2737983
E06000010,0.05215504,-0.799024,-1.0356448,-0.3484699,0.6796882,-1.9851474,-0.5095126,-1.0085255,-0.945485,0.059244882,-0.9770738,-0.97792476,-1.0905124,-0.31515864,-1.0471171,-0.92704535,-0.68375504,-1.317985,1.3067656
E06000011,0.244228,-0.799024,-1.0574917,-1.4099561,-0.4659272,-0.43616176,-0.9611007,-0.8708914,0.7429417,-0.58229417,-0.9520036,-0.79641217,-1.1930754,-0.042649325,-0.8701304,-1.0457777,-1.1466614,-1.297584,1.3034974
E06000012,-0.62802047,-0.799024,-1.0249541,-0.43550757,0.33732197,-1.1414307,-0.6364581,-1.1009988,0.17939818,-0.341723,-0.99653226,-0.98140484,-1.0821431,-0.25778246,-0.96927685,-0.98325384,-0.46067998,-1.339917,1.273803
E06000013,0.046530433,-0.799024,-1.0287105,-1.1605248,-0.07738787,-1.0096217,-0.7491187,-1.0711969,0.01452028,-0.59197897,-0.99529445,-1.0966411,-1.1833093,-0.2868971,-1.0056797,-1.1977155,-0.36630702,-1.317985,1.274993
E06000014,-0.9757145,-0.799024,-1.0326562,-0.46119234,-0.3823033,-1.97192,-0.4959347,-1.0856663,0.0012765196,-0.48277447,-0.9962028,-0.6527134,-1.0029418,-0.13456818,-1.0049045,-1.0207516,-1.4748662,-1.3117129,1.2738066
E06000015,0.5561714,-0.799024,-1.0352541,-0.32405388,1.9139265,-1.643263,-0.53579724,-1.0095123,-0.28139594,-0.4882199,-0.9626829,-0.63329655,-1.1976619,-0.5984977,-1.0907595,-1.2966291,-0.89928955,-1.2577652,1.2886056
E06000016,0.1733449,-0.799024,-1.0650009,-0.4400803,3.108442,-2.2628882,-0.4351733,-0.7043983,-1.3807228,-0.60969675,-0.64145076,-0.3019049,-1.2129853,-1.1591796,-0.54808736,-1.5409993,-1.3937806,-1.2723045,1.2917348
E06000017,-0.98755145,-0.799024,-0.1854419,-1.6279346,-0.35520625,-0.6613514,-0.7423425,-0.9751925,0.7588094,-0.6141725,-0.98574525,-0.3405636,-0.9246366,-0.05866293,-0.8283128,-1.0456537,-0.40266195,-1.1145265,2.452916
E06000018,-0.010179175,-0.799024,-1.0538301,-0.40372846,1.7359573,-2.4711816,-0.3866976,-0.58430606,-1.3832852,-0.083769284,-0.9038647,-0.5109046,-0.13608605,-0.68198085,-1.0509073,-1.0742874,-1.2923572,-1.2768652,1.2995552
E06000019,-1.1588756,-0.799024,-1.031675,-1.7460216,-0.46314535,-0.84076834,-0.68379086,-0.9648688,0.67934567,-0.53621256,-0.98435843,-0.6272303,-1.1660542,-0.35920867,-0.972692,-1.0982251,-0.8113657,-1.320925,1.3837867
E06000020,-0.89850867,-0.799024,-1.0298862,-0.54977024,1.3486518,-1.3510816,-0.7032727,-1.0956659,-0.8867968,-0.59233636,-0.9877524,-1.114301,-1.2572311,-0.83700496,-1.0541874,-1.4341004,-0.6890429,-1.3117129,1.282533
E06000021,0.35918853,-0.799024,-1.0351145,-0.29516798,1.1312758,-1.6166998,-0.527014,-1.0905774,-0.6900367,-0.23899376,-0.9899422,-1.1056443,-1.0035448,-0.33569047,-1.0625352,-1.0470256,-0.49610752,-1.297584,1.303058
E06000022,-1.0495763,-0.799024,-1.0316755,-0.59266436,-0.06389692,-1.7667016,-0.498284,-1.0967044,0.11677152,-0.47424865,-0.9981107,-0.36753064,-1.2622476,-0.45938116,-0.96117276,-1.1147689,-1.4715359,-1.317985,1.2968267
E06000023,-1.3839178,-0.799024,-1.1432546,-0.3880817,0.13437364,-2.4905615,-0.42218056,-0.73498046,-1.0432112,-0.20064689,-0.9857141,-0.6009607,-0.9370404,-0.41320696,-1.0937921,-1.0607303,-1.1686131,-1.2723045,1.3078394
E06000024,-0.6044861,-0.799024,-1.0327961,-0.57951576,-0.22442324,-0.7007175,-0.80148417,-1.028544,0.72150034,-0.38786548,-0.9855446,-0.5506094,-1.2201085,-0.21091577,-0.90975505,-0.9678137,-0.82245016,-1.317985,1.2829064
E06000025,-0.7325436,-0.799024,-1.0391212,-0.582035,0.1389832,-1.3883693,-0.7331621,-1.0997891,-0.072990656,-0.61523163,-0.9982076,-0.8322706,-1.1803783,-0.45621416,-0.92262375,-1.3187009,-0.97142893,-1.2855674,1.2768826
E06000026,-1.655264,-0.799024,-1.0359445,-0.3235433,0.035457574,-1.740515,-0.51330054,-1.098355,-0.20343257,-0.38775846,-0.99983144,-0.8332684,-0.986229,-0.37430927,-1.0540407,-1.0741918,-1.1076714,-1.3013176,1.2873309
E06000027,-1.3122606,-0.799024,-1.009107,-0.27919146,-0.46350458,-0.59237915,-0.64476717,-0.88015413,1.0660815,0.03329098,-0.9700645,-0.47486115,-0.49779725,-0.13019906,-0.9768643,-0.6969365,-1.1896294,-1.3264216,1.4793301
E06000030,-0.6782953,-0.799024,-1.0330597,-0.3905388,0.9728125,-1.3428934,-1.066218,-1.0519047,-0.7163011,-0.51273173,-0.99504614,-1.0482366,-1.2697724,-0.37726405,-1.0203798,-1.2101238,-0.21547109,-1.3083802,1.2868665
E06000031,-0.69699365,-0.799024,-1.0322721,-0.56889164,3.357875,-1.6217012,-0.55570173,-0.95213646,-0.81688386,-0.5934683,-0.95484203,-0.8653874,-1.1867223,-0.726092,-1.0701046,-1.4164636,-0.41493022,-1.3149154,1.2762928
E06000032,0.93268484,-0.799024,-1.032801,-0.44941616,5.282542,-1.8808419,-0.49734563,-0.6835551,-1.0563171,-0.5870261,-0.6364365,-0.5095549,-1.1171955,-1.242709,0.0022684338,-1.47377,-0.373232,-1.2768652,1.2764506
E06000033,0.14979298,-0.7990251,-1.0306209,-0.39825585,0.32197338,-1.182887,-0.854511,-1.1025625,0.14099106,-0.26901904,-0.9900301,-0.79625744,-1.2211932,-0.48006898,-1.03105,-1.070227,-0.575609,-1.2897098,1.3489254
E06000034,0.8150718,-0.7990251,-1.0288309,-0.36611998,3.4599957,-1.5446249,-0.7314102,-0.9196067,-1.3188365,-0.6071977,-0.89594764,-1.1563832,-1.1026464,-0.98535997,-1.0516764,-1.4944953,-0.27579355,-1.2897098,1.3082341
E06000035,-0.018510295,-0.799024,-1.0382063,-0.30639467,1.5631996,-1.5283089,-0.6482967,-1.0588367,-0.9214345,-0.61100125,-0.9472491,-1.1212991,-1.2710863,-0.71799016,-1.0671676,-1.4028511,-0.8022197,-1.2768652,1.287874
E06000036,-0.72791404,-0.799024,-0.9908902,-0.35331702,1.5555315,-1.389666,-1.1709635,-0.9901167,-0.9995196,-0.60895085,-0.9711702,-1.0135603,-1.1538073,-0.3887129,-0.9545876,-1.3296484,-1.2941018,-1.3149154,1.563532
E06000037,-1.3891654,-0.799024,-1.0244247,-1.0936594,0.89429736,-0.7940153,-1.3260438,-1.1059201,-0.32399884,-0.6105642,-0.99701047,-0.9301043,-1.2156126,-0.43374404,-0.965759,-1.3576152,-1.0634315,-1.297584,1.532619
E06000038,-0.12346117,-0.799024,-1.0262034,-0.37801334,1.6855549,-2.175992,-0.514855,-0.674188,-1.1761016,-0.52861315,-0.94213533,-0.7564927,-1.0926881,-0.6532402,-1.0868013,-1.3257233,-1.4153281,-1.2937168,1.341757
E06000039,0.0431279,-0.799024,-1.0196359,-0.41197842,7.316448,-1.7853448,-0.6002441,-0.4414259,-1.8598598,-0.604215,-0.3921912,-0.5085879,-1.2470313,-1.4070767,-0.05006707,-1.4128176,-0.26816526,-1.2675983,1.2846068
E06000040,-0.4284251,-0.799024,-1.0206914,-0.46377608,1.0828927,-0.91804886,-1.2572874,-1.0902927,0.14193448,-0.60012233,-0.9687185,-0.7462096,-1.256439,-0.60255235,-1.0402184,-1.3540844,-1.3099335,-1.2897086,1.3842663
E06000041,-0.6380024,-0.799024,-1.0276848,-0.39854336,1.7554084,-0.8787807,-1.3258878,-1.0871284,-0.2423484,-0.49169707,-0.9790178,-0.8677786,-0.9432461,-0.6608843,-0.9768174,-1.4926158,-0.97967166,-1.2937168,1.4085505
E06000042,-0.8071337,-0.799024,-1.0366945,-0.42161375,3.2768354,-1.478758,-0.7699304,-0.96907794,-1.4119877,-0.602563,-0.94758177,-1.1013532,-1.2592427,-0.8280963,-1.085373,-1.4778024,-0.3303011,-1.2723045,1.2828897
E06000043,-1.2870708,-0.799024,-1.040798,-0.3368528,-0.45807084,-2.3435953,-0.61910236,-0.7733074,-0.91922885,0.23904842,-0.9950077,-0.6974745,-0.85153455,-0.3069276,-1.0027814,-0.763369,-1.3110015,-1.2897086,1.2855624
E06000044,-1.231119,-0.799024,-1.0328349,-0.48282,0.5267066,-2.2138588,-0.48519734,-0.8809135,-0.8934046,-0.38615498,-0.95713323,-0.9047937,-1.1092472,-0.7841982,-1.0615716,-1.1829518,-1.2889813,-1.297584,1.2780665
E06000045,-0.9776193,-0.799024,-1.0348178,-0.45576918,0.4447807,-2.422694,-0.42520103,-0.8070789,-1.0795139,-0.27203107,-0.9415323,-0.5730303,-0.93069446,-0.65007293,-1.0947936,-1.1441122,-1.4773562,-1.2812846,1.2886138
E06000046,-1.5119559,-0.799024,-1.0142959,-0.7916421,-0.39695764,-0.49020803,-0.66702265,-0.75501245,1.0467802,-0.19171134,-0.9625645,-0.43244246,-0.49892116,-0.09595568,-0.9754423,-0.76004565,-1.4488674,-1.3491079,1.8890905
E06000049,0.68764764,-0.799024,-1.0795354,-0.8655894,-0.2890182,-0.68105316,-1.1051611,-1.0483618,0.51052314,-0.476392,-0.9975428,-1.0536182,-1.2632133,-0.110249706,-0.89226216,-1.0558671,-0.6561554,-1.2812846,1.2978814
E06000050,0.5115287,-0.799024,-1.057893,-0.79333276,-0.24084137,-1.0039798,-0.8182923,-1.0767053,0.22340336,-0.48856947,-0.9991177,-1.0334059,-1.2481652,-0.23737039,-0.94714314,-1.0993073,-0.4066642,-1.2812846,1.2973344
E06000051,-0.71222967,-0.799024,-1.0496639,-1.6541816,-0.46216932,-0.71966785,-0.8580169,-0.9667666,0.61686844,-0.5382148,-0.9894815,-0.6219083,-1.1670797,-0.3244522,-0.94049305,-1.0789582,-1.3322517,-1.2812846,1.2742501
E06000054,-1.0631118,-0.799024,-1.1762304,-1.353835,0.13737863,-0.82201755,-0.93976724,-1.0847378,0.2638347,-0.6139577,-0.996308,-0.7386142,-1.2627999,-0.36993062,-0.9296748,-1.2253598,-1.3894719,-1.2812846,1.2737781
E06000055,-0.20789443,-0.799024,-1.0286205,-0.80956864,1.5459203,-1.1745638,-0.79166496,-1.0853409,-0.1714385,-0.5871184,-0.9621881,-0.97163016,-1.235086,-0.66112685,-1.088338,-1.3566558,-1.0748047,-1.2897086,1.307959
E06000056,-0.05291786,-0.799024,-1.0393145,-0.75840217,0.44211918,-1.2187564,-0.96718246,-1.1024213,-0.47950745,-0.61370033,-0.9970353,-1.1571282,-1.217417,-0.4296666,-0.93359274,-1.3437873,-0.34964797,-1.2812846,1.2919383
E06000057,-0.036055237,-0.799024,-1.0496639,-1.9739127,-0.46300656,-0.6933348,-0.8588441,-0.9114152,0.4439768,-0.43180996,-0.96328324,-0.89443296,-1.1019192,-0.060603466,-0.8621655,-0.9451783,-0.64900076,-1.2897086,1.294721
E06000058,-1.1585093,-0.799024,-1.089288,-0.28463998,-0.37850368,-1.3562201,-0.5953136,-1.1033394,0.7197435,-0.09251005,-0.99711025,-0.55409557,-0.95768464,-0.24638562,-0.9995397,-0.8555752,-1.0079095,-1.2937168,1.282967
E06000059,-1.6140704,-0.799024,-1.0768987,-1.3624287,-0.44185936,-0.33443105,-0.6675308,-0.7523844,1.3880965,-0.5035668,-0.92109746,-0.27476755,-0.9645816,-0.13322929,-0.91806716,-0.9261085,-1.3177694,-1.2937168,1.3166351
E06000060,-0.881456,-0.799024,-1.2198662,-0.83412117,1.2002254,-0.9295424,-1.040353,-1.1016703,0.042636584,-0.6041789,-0.9797458,-0.6165998,-1.2286973,-0.76295775,-1.071864,-1.4473238,-0.89276475,-1.2419332,1.2894785
E07000026,-0.07862697,-0.799024,-0.9300111,-1.828317,-0.46489862,-0.695867,-0.8878486,-0.95646644,0.590122,-0.34065843,-0.98531586,-0.78349483,-1.1938628,-0.16213065,-0.874566,-0.9317577,-0.76315284,-1.3149154,1.6183203
E07000027,1.9379133,-0.799024,-0.731757,-0.4247291,-0.32802114,-1.0234574,-0.8325289,-1.0590627,-0.033541247,0.08415378,-0.9996706,-1.0739136,-1.1176529,-0.022357903,-0.8969324,-0.77256984,-0.36026666,-1.2723045,1.4669197
E07000028,0.3522866,-0.799024,-0.96349895,-1.6251829,-0.3515947,-1.021675,-0.81208485,-1.0706758,0.31243774,-0.0001160457,-0.9951703,-0.8051268,-1.1595008,-0.054260556,-0.89660376,-0.78592575,-0.5596541,-1.2897086,1.366543
E07000029,0.28974527,-0.799024,-0.745252,-1.7038059,-0.46313193,-0.8695882,-0.95771784,-1.0075753,0.21847627,-0.41952187,-0.99482423,-0.8929124,-1.1711831,-0.29159084,-0.8959287,-1.0059284,-0.9661525,-1.3117129,1.7543559
E07000030,-0.026731428,-0.799024,-0.52651227,-2.5731306,-0.30613542,-0.40579396,-1.0741891,-0.8000746,0.88070965,-0.41270384,-0.95282847,-0.34773582,-1.1701007,-0.16091792,-0.8740473,-0.92488277,-0.987405,-1.3555537,1.9285214
E07000031,0.71613276,-0.799024,-0.95298064,-1.9286294,-0.25811166,-0.33247563,-0.92067724,-0.7549009,1.2453479,-0.16575415,-0.9147974,-0.17116617,-0.85531497,0.043314632,-0.8357286,-0.66212267,-1.3861552,-1.2577652,1.4389428
E07000032,0.20826569,-0.799024,-0.9983916,-0.6625023,-0.45502412,-0.8921016,-1.0928798,-1.0317378,0.032604814,-0.5643347,-0.9765874,-0.9988846,-1.244764,-0.09017384,-0.9104774,-1.0921533,-0.32038152,-1.3314128,1.3019272
E07000033,0.29010236,-0.799024,-0.83856016,-0.6437139,-0.3203623,-1.1231847,-0.99965,-1.0897202,-0.30178288,-0.50713706,-0.9908481,-1.147434,-1.1535476,-0.21695568,-0.91820496,-1.0699143,-0.26158264,-1.3417401,1.375788
E07000034,-0.18573833,-0.7990251,-0.9532581,-0.2936756,-0.44477078,-1.1482042,-0.90062046,-1.0811967,0.111805506,-0.10069118,-0.9831515,-1.0591903,-0.9843038,-0.01615805,-0.87412393,-0.77909434,-0.39109936,-1.3179841,1.3569127
E07000035,-0.102276586,-0.7990251,-0.7793038,-1.7239691,-0.31322074,-0.2526999,-1.3297294,-0.7827568,0.90397143,-0.510449,-0.9469102,-0.2846512,-1.180238,-0.2476539,-0.86789966,-0.9919562,-1.1803297,-1.3465084,1.7093678
E07000036,-0.067818865,-0.799024,-0.9796524,-0.36814845,-0.28781644,-1.1344717,-0.9711181,-1.1035627,0.18669957,-0.49604967,-0.9882487,-1.1903348,-1.2222407,0.02053495,-0.87182057,-1.0199149,-0.36505225,-1.3289818,1.338585
E07000037,0.43048993,-0.799024,-0.9086266,-1.2767521,-0.42099848,-0.9041184,-1.2468232,-1.0555401,-0.18187346,-0.512407,-0.99733096,-0.9452714,-1.2701969,-0.2794583,-0.8882802,-1.1099637,-0.45618317,-1.3337234,1.4000043
E07000038,0.39561823,-0.799024,-0.9424805,-0.8006767,-0.45520467,-0.7371186,-0.8872753,-0.9261121,0.41707772,-0.5364819,-0.9681798,-1.0750713,-1.2573675,0.032573562,-0.84720105,-1.0295836,-0.26709965,-1.3117129,1.3434336
E07000039,0.23314571,-0.799024,-0.95286566,-0.8975438,0.16763844,-1.1542058,-1.1079714,-1.1065466,-0.64234436,-0.6138296,-0.9996213,-1.0691965,-1.2687252,-0.3288925,-0.93045163,-1.288642,-0.8534717,-1.3149154,1.330262
E07000040,-1.8346587,-0.799024,-1.0164338,-1.2524785,-0.41162667,-0.31552958,-0.5754996,-0.7210735,1.7901921,-0.31782234,-0.88932294,-0.06822136,-0.78415626,-0.111915596,-0.90479434,-0.76918864,-1.1207197,-1.3359082,1.5484903
E07000041,-1.9011724,-0.799024,-1.0032257,-0.29622036,-0.38511872,-2.3932347,-0.42479548,-0.96935534,-0.32070222,-0.26780686,-0.98351896,-0.3880004,-0.9947246,-0.31832546,-1.0533059,-1.0065573,-1.3261775,-1.3264216,1.3621058
E07000042,-2.0179615,-0.799024,-0.8527982,-1.7350845,-0.03638013,-0.60222524,-0.8420081,-1.0060978,0.43762037,-0.5942322,-0.9884125,-0.6716529,-1.2015241,-0.51972586,-0.98640734,-1.1929122,-0.51239353,-1.3556273,2.1207957
E07000043,-1.7782009,-0.799024,-0.9246681,-1.7429692,-0.42006016,-0.6321075,-0.7249057,-0.9408596,0.8228891,-0.49513832,-0.98312616,-0.40675172,-1.0208769,-0.38005036,-1.0131634,-1.0546216,-1.1889755,-1.3556273,1.9142451
E07000044,-1.9242553,-0.799024,-0.87929964,-1.6749679,-0.42485374,-0.2238453,-0.85211515,-0.6924457,0.96592134,-0.3636684,-0.9206484,-0.29581422,-0.9681862,-0.12199317,-0.9246371,-0.8465522,-0.7584974,-1.1115031,2.274549
E07000045,-1.8645014,-0.799024,-1.0060203,-1.181159,-0.4519715,-0.52893054,-0.80050164,-0.8641214,0.96227497,-0.4380449,-0.9600669,-0.5190443,-1.0258077,-0.11557642,-0.9397132,-0.9330031,-1.2110493,-1.3465067,1.8730186
E07000046,-1.6947503,-0.799024,-0.74236035,-1.91729,-0.4508994,-0.39693367,-0.7312835,-0.73662335,0.8003931,-0.42179984,-0.9362618,-0.28682715,-0.88893086,-0.25867388,-0.9886052,-0.9333853,-0.7725331,-1.0385146,2.5351593
E07000047,-1.5865616,-0.799024,-0.5740808,-2.1706588,-0.42450404,-0.2973346,-0.87976944,-0.7447433,0.9583832,-0.564035,-0.94567686,-0.11181881,-1.0198317,-0.31890392,-0.9530097,-1.0447829,-1.4185044,-1.0319921,2.5603673
E07000061,-1.4103185,-0.799024,-0.94889534,-0.28183857,-0.36805102,-0.89215636,-0.580041,-1.0499448,1.4141777,0.29344425,-0.9941058,-0.40403444,-0.62596744,-0.16872801,-0.9935287,-0.6586848,-1.2041547,-1.3434455,1.7069371
E07000062,-1.9756255,-0.799024,-0.91138744,-0.312257,0.0036987776,-1.122591,-0.8111497,-1.1001234,-0.04064452,0.6180259,-0.99824476,-0.6853365,-0.28665748,-0.19067307,-1.081004,-0.6427588,-0.93249685,-1.3468755,1.960902
E07000063,-0.39247283,-0.799024,-0.9476191,-0.8231768,-0.37318626,-0.53223217,-0.78160393,-0.9790412,1.1924558,-0.4366316,-0.98630846,-0.61797124,-1.1533967,-0.31102604,-0.94569236,-1.0069834,-0.8379057,-1.3289818,1.8680178
E07000064,-1.3001862,-0.799024,-0.9229038,-1.2130643,-0.20698364,-0.19900851,-0.56713223,-0.5852043,1.9152786,0.012725615,-0.9289741,-0.016215665,-0.0983664,-0.05661255,-1.0477251,-0.6615805,-1.2921004,-1.3542463,1.8701544
E07000065,-1.0590757,-0.799024,-1.0250909,-1.1976742,-0.4246271,-0.3983772,-0.8977289,-0.9090577,0.9766674,-0.5917735,-0.98068684,-0.40875757,-1.2350672,-0.37246627,-0.9722666,-1.1541398,-1.0576191,-1.320925,1.5041602
E07000066,0.530169,-0.799024,-1.0310557,-0.28765258,1.3293637,-1.3627204,-0.69071996,-1.0760089,-0.3360978,-0.5334892,-0.9748218,-1.0211359,-1.2473265,-0.5735906,-1.0048606,-1.2843527,-0.2180646,-1.2897086,1.2789385
E07000067,-0.8958391,-0.799024,-1.0210576,-1.0328944,0.21134375,-0.9416065,-0.9708801,-1.0969619,-0.07027204,-0.6084148,-0.9998268,-1.003643,-1.2662874,-0.53799945,-0.9334697,-1.2845685,-0.47273433,-1.320925,1.5271847
E07000068,0.65370846,-0.799024,-0.81708145,-0.64060205,0.011148553,-0.98277324,-1.0686938,-1.1056868,0.6472386,-0.5606049,-0.9874673,-0.7666127,-1.112641,-0.5840109,-0.9064635,-1.2714174,-0.46942374,-1.3149154,1.5307031
E07000069,0.8007241,-0.799024,-0.89879555,-0.27926946,-0.43748465,-0.7793637,-0.6426434,-0.9368965,0.6282081,-0.61530244,-0.99956423,-0.88182074,-1.2708598,-0.6401484,-0.9647793,-1.3171778,-0.23190093,-1.3289818,1.5644622
E07000070,0.068560325,-0.799024,-1.0297586,-0.62040544,0.13961402,-1.2287713,-0.8326172,-1.1052452,0.033164207,-0.60357875,-0.99767387,-0.8791837,-1.2257557,-0.55674964,-0.9279862,-1.2829998,-0.59745246,-1.2897086,1.3730195
E07000071,-1.0081007,-0.799024,-1.0317097,-0.5695907,0.3395226,-1.751427,-0.5554629,-1.0710596,-0.50959545,-0.55919755,-0.99826366,-0.85687864,-1.2489599,-0.33779517,-0.94560546,-1.1670587,-1.4754653,-1.317985,1.4013712
E07000072,0.69897074,-0.799024,-1.0040704,-0.771084,0.035604473,-1.0990722,-0.9706566,-1.1063316,0.24899505,-0.5388839,-0.9777031,-1.0044562,-1.2392184,-0.6187049,-0.9743086,-1.266738,-0.28082862,-1.2812846,1.3553334
E07000073,0.17870791,-0.799024,-0.8813046,-0.29703447,2.5344155,-1.5327802,-0.5861501,-0.99556845,-0.4367064,-0.45534563,-0.96808356,-1.168116,-1.2695739,-0.52944607,-1.0025309,-1.2253335,-0.22839874,-1.297584,1.6073093
E07000074,-1.0320318,-0.799024,-0.7010705,-1.2442378,-0.46546224,-0.44612703,-1.1359578,-0.88235664,0.43395737,-0.60852534,-0.9958331,-0.75974625,-1.2602191,-0.4525448,-0.9321231,-1.2475798,-0.28373468,-1.3529658,2.3255205
E07000075,0.5671752,-0.799024,-0.8833583,-0.6272896,-0.40393278,-0.79518795,-1.0024965,-1.0429139,0.5009048,-0.56582576,-0.99922276,-0.71912366,-1.0482459,-0.7248766,-0.9379545,-1.4234623,-0.25387537,-1.3417401,1.7462226
E07000076,0.6595048,-0.799024,-1.0174886,-0.71380216,-0.46499205,-0.41174233,-0.52960974,-0.7032862,1.3908746,-0.09163733,-0.9505088,-0.38353005,-0.529019,-0.17724864,-1.004331,-0.7556851,-0.7631706,-1.3149154,1.5376118
E07000077,-1.073361,-0.799024,-0.8945098,-1.4204208,0.6666496,-0.72350377,-1.4124991,-1.1054463,0.011582586,-0.5145763,-0.9912805,-0.735328,-1.0972902,-0.9226363,-0.96487063,-1.477308,-0.8491366,-1.3379743,1.7494535
E07000078,-0.7274376,-0.799024,-0.9827874,-0.28560045,-0.13680063,-1.5492139,-0.5885219,-1.099697,0.27356637,0.012336959,-1.0001302,-0.31054083,-1.0549687,-0.20787266,-0.96924603,-0.8031376,-1.4205652,-1.3013176,1.566018
E07000079,-0.91585416,-0.7990251,-0.8937414,-1.8476833,-0.46512994,-0.44062248,-1.0775658,-0.9118354,0.8965757,-0.41404346,-0.9581124,-0.3438249,-1.155317,-0.20311949,-0.888762,-0.93173945,-1.0065124,-1.3399175,1.8831834
E07000080,-1.0891634,-0.7990251,-0.8810335,-1.3036115,-0.41217157,-0.5844392,-0.8892991,-0.92156535,0.3434067,-0.6081128,-0.9843148,-0.57981676,-1.1781797,-0.4117714,-0.97213507,-1.1801355,-1.2439753,-1.349108,1.963477
E07000081,-0.6580745,-0.799024,-1.0018172,-0.31553522,1.0122548,-1.4773313,-0.6896413,-1.0667522,-0.48659015,-0.55648303,-0.98230606,-0.9940415,-1.2695645,-0.56876135,-1.0365821,-1.27543,-0.71174717,-1.3117129,1.400959
E07000082,-0.6975938,-0.799024,-0.9863509,-1.0067875,-0.23837161,-0.57431936,-1.2915515,-1.0296512,0.25284868,-0.5678412,-0.9899,-0.4112514,-1.2717289,-0.46013606,-0.95441824,-1.1642108,-0.50373334,-1.317985,1.6168288
E07000083,-0.7750882,-0.799024,-0.9102787,-1.0980189,-0.14707872,-0.8951413,-0.80637956,-1.066908,0.35715705,-0.5598946,-0.97458607,-0.65283513,-1.2561451,-0.2675144,-0.92209935,-1.1012825,-0.45450306,-1.3264216,1.8233279
E07000084,-0.7020265,-0.799024,-1.0295036,-0.962988,0.71732545,-1.186614,-1.1500076,-1.0910854,-0.6210681,-0.6150387,-0.99986243,-1.0377133,-1.2590078,-0.46011317,-0.9779294,-1.3201674,-0.27074486,-1.2675983,1.3805922
E07000085,-1.1341963,-0.799024,-0.9892379,-1.0667803,-0.13650008,-0.47742036,-1.1845375,-1.0321419,0.66535825,-0.6119779,-0.99951994,-0.7295388,-1.2611448,-0.4443575,-0.9674514,-1.309861,-1.0642167,-1.3149154,1.5881112
E07000086,-0.5082719,-0.799024,-1.0048628,-0.28984144,0.17662309,-1.137901,-0.83588284,-1.106398,0.060087174,-0.6116044,-1.0001723,-0.9987772,-1.233649,-0.32664713,-0.9387688,-1.2760171,-0.24326499,-1.3149154,1.5447148
E07000087,-0.5914938,-0.799024,-0.9813367,-0.29457635,-0.43304282,-0.7955107,-0.95352846,-1.0452054,0.7537116,-0.6130055,-0.98191327,-0.9698508,-1.27247,-0.17320001,-0.9100968,-1.2350925,-0.66301405,-1.3149154,1.6270344
E07000088,-1.4442432,-0.799024,-0.8741452,-0.33118993,0.15316486,-1.1903299,-0.6787173,-1.1027563,0.06680066,-0.47587755,-0.9983674,-0.96500134,-1.1128094,-0.432195,-0.9972288,-1.1091397,-0.4477506,-1.3450344,1.7833035
E07000089,-1.4970987,-0.799024,-0.9253725,-0.69473964,0.7138425,-0.7402127,-1.4912369,-1.1065485,0.003538464,-0.43042707,-0.989033,-0.85133845,-0.8718788,-0.6399788,-0.930991,-1.4951696,-1.0941913,-1.3314128,1.8492055
E07000090,-0.4686525,-0.799024,-0.9971849,-0.2807574,-0.28269485,-0.89359605,-0.64435196,-1.0421543,0.80662966,-0.5487008,-0.9916251,-0.8089697,-1.0817175,-0.38630182,-1.043055,-1.1515051,-0.44571373,-1.3117129,1.4962673
E07000091,-1.0642498,-0.799024,-1.0302135,-1.056187,-0.4204593,-0.37529162,-0.6663981,-0.8189266,1.7374411,-0.50239295,-0.938723,-0.54406554,-1.1086614,-0.08821311,-0.917016,-0.9695423,-0.8698718,-1.3117129,1.4859431
E07000092,-1.1368307,-0.799024,-0.920871,-0.28412157,0.5732789,-1.6846454,-0.97994787,-0.96442693,-1.0292397,-0.58005977,-0.9187185,-0.9684925,-1.1976721,-0.7388118,-1.0887771,-1.507467,-1.1848137,-1.3083802,1.5742623
E07000093,-0.9882136,-0.799024,-0.9962618,-1.1737164,-0.00073080766,-0.7760779,-1.0448323,-1.0819116,0.33905798,-0.5984228,-0.99387157,-0.6865359,-1.2534122,-0.37873906,-0.95631474,-1.3258346,-0.8938539,-1.3083802,1.5959867
E07000094,-0.6264872,-0.799024,-0.99497837,-1.2126626,0.5727498,-0.8593324,-0.7776068,-1.0989414,0.49455708,-0.6139293,-0.9992965,-0.17703374,-1.2710555,-0.5222971,-0.9699951,-1.2677702,-1.4137558,-1.2897086,1.5255796
E07000095,-0.34559914,-0.799024,-0.9275894,-0.28065404,0.9406554,-1.2937083,-0.76462567,-1.0812118,-0.06270218,-0.61513054,-0.9316426,-1.1348205,-1.0046787,-0.7981962,-0.99437934,-1.4431336,-0.35361728,-1.3117129,1.4529645
E07000096,-0.13818924,-0.799024,-1.0224856,-0.4822716,0.8373019,-1.2363832,-0.93834925,-1.0799416,-0.19401142,-0.5689012,-0.98339117,-0.89458835,-1.21665,-0.58469397,-0.95592463,-1.2818741,-0.69966096,-1.2937168,1.4372015
E07000098,1.6226301,-0.799024,-0.9520223,-0.37260365,1.6340324,-1.0748268,-0.8378773,-1.0829989,0.13280554,-0.611145,-0.8966012,-0.9111221,-1.0919667,-0.93891275,-1.032485,-1.443234,-0.9029951,-1.2812846,1.4673266
E07000099,-1.0287282,-0.799024,-1.0064263,-0.81783736,0.37065846,-1.0710399,-1.0730565,-1.1000406,0.17671295,-0.54558367,-0.9961697,-0.93758005,-1.2483662,-0.4626251,-0.9404653,-1.2194036,-0.41540724,-1.3264216,1.5675857
E07000102,0.43839785,-0.799024,-0.91220194,-0.3692254,0.9764956,-0.9814321,-1.2102189,-1.0872499,0.11016447,-0.6109708,-0.93525636,-0.8692141,-1.0355574,-0.8098789,-1.0068076,-1.4194547,-0.54445,-1.3083802,1.5752292
E07000103,1.0234202,-0.799024,-0.9271767,-0.41912454,2.4118264,-1.7763209,-0.70240563,-0.77568513,-0.92617875,-0.49845788,-0.8794618,-0.813079,-1.2723819,-0.9063533,-1.0885309,-1.3915905,-0.27759683,-1.2897086,1.4349655
E07000105,-0.42400515,-0.799024,-1.001813,-1.1013726,1.2929193,-0.9682298,-0.8496267,-1.1065443,-0.2198465,-0.6070267,-0.99589276,-0.9335211,-1.2696395,-0.7514806,-1.0369897,-1.4020138,-0.3206858,-1.3083802,1.3648074
E07000106,-0.4965089,-0.799024,-1.0266534,-0.6115238,-0.21817239,-1.8206077,-0.44807467,-1.1058062,0.24460167,-0.5663765,-0.99083006,-0.3211498,-1.0571504,-0.5728827,-1.0441581,-1.1950096,-1.1509813,-1.3083802,1.3194222
E07000107,0.5412191,-0.799024,-0.9668051,-0.299891,2.1304896,-1.6443022,-0.71495605,-0.90461075,-0.77697796,-0.5669702,-0.96302783,-0.96076924,-1.2247484,-0.67723775,-1.0155703,-1.3229312,-0.43395105,-1.2897086,1.3573836
E07000108,0.2773396,-0.799024,-0.982558,-0.79332274,-0.37195936,-0.808702,-0.7368882,-0.9903043,0.4045699,-0.3379803,-0.996049,-0.82169145,-0.7031766,-0.17254743,-1.0742599,-0.99189836,-1.0403382,-1.3264216,1.367789
E07000109,0.7209015,-0.799024,-0.9582039,-0.36237875,1.782722,-1.2500409,-0.726075,-1.0740411,-0.23524317,-0.6147145,-0.9230689,-0.9259895,-1.2706842,-0.9434158,-1.0935627,-1.475458,-0.24429427,-1.3083802,1.3436767
E07000110,-0.598678,-0.799024,-1.0282111,-0.7125146,0.5697542,-1.178926,-0.7650304,-1.1058545,-0.07593139,-0.613277,-1.0002766,-0.9227055,-1.2665224,-0.40155387,-0.9784306,-1.3256387,-0.9656973,-1.3083802,1.3000065
E07000111,-0.584638,-0.799024,-0.988579,-0.8666155,0.6851438,-0.6800665,-0.98575395,-1.0938846,0.4180552,-0.6132596,-0.99393964,-0.6407592,-1.133818,-0.63898456,-0.9690294,-1.348075,-0.5178869,-1.3117129,1.5429939
E07000112,0.43191302,-0.799024,-0.9734917,-0.885914,-0.45377365,-0.78801215,-0.7587815,-0.9752842,0.6229627,-0.15090843,-0.9968186,-0.5628338,-0.53286624,-0.39572304,-1.0766089,-0.916285,-0.83964527,-1.3337234,1.4455425
E07000113,0.21483284,-0.799024,-1.0192717,-0.7570467,0.89889973,-1.1484659,-0.6728201,-1.103841,-0.45538414,-0.6113473,-0.99545765,-1.0517005,-1.241033,-0.6139727,-1.024581,-1.313531,-1.0267482,-1.3117129,1.2738365
E07000114,-0.058586184,-0.799024,-1.0145222,-0.31235144,0.12589888,-0.87602687,-0.5525581,-1.0164733,0.49050215,0.026079923,-1.0000917,-0.7171406,-0.7004739,-0.25894237,-1.0493313,-0.8365199,-0.9058742,-1.3083802,1.2785804
E07000115,-1.2784617,-0.7990251,-1.0033233,-0.60201347,1.2541625,-0.88579625,-1.1079189,-1.104949,-0.15813509,-0.5482825,-0.99397343,-0.9021719,-1.1239111,-0.6925591,-0.9778488,-1.4534031,-0.56353635,-1.320926,1.4403479
E07000116,-0.9300543,-0.7990251,-0.9845964,-0.8156086,0.942254,-0.82177234,-1.2781736,-1.1023805,0.22676697,-0.57119095,-0.98749685,-0.6473431,-1.2569009,-0.6645439,-1.0697559,-1.2853035,-1.1575032,-1.3359076,1.6083914
E07000117,1.1376314,-0.799024,-0.89129037,-0.44979316,1.3029541,-1.2612082,-0.5797386,-1.1065375,-0.43306378,-0.2032896,-0.9859246,-1.1046405,-0.78687394,-0.35833198,-1.0934308,-1.0543362,-0.4045953,-1.323736,1.2767593
E07000118,0.63755405,-0.799024,-0.98227334,-0.57685024,-0.20094949,-1.0816411,-1.0886749,-1.0927839,-0.5127724,-0.5737189,-1.0000421,-1.1311085,-1.2403716,-0.092611454,-0.917429,-1.1401652,-1.3655572,-1.3117129,1.2935065
E07000119,0.9492829,-0.799024,-0.84019184,-0.65995866,-0.37227547,-0.43544638,-0.8848816,-0.842602,1.2624073,0.25637057,-0.96448195,-0.7236187,-0.63029546,0.060647894,-0.848052,-0.5473787,-1.1129628,-1.3359082,1.3869419
E07000120,0.9534041,-0.799024,-0.8471404,-0.35525298,1.4076277,-1.2746493,-0.6036842,-1.1054538,-0.49347606,-0.33256334,-0.98688465,-0.9209493,-0.9332853,-0.42690897,-1.092377,-1.1706645,-0.24688692,-1.3450344,1.2928462
E07000121,-0.2624075,-0.799024,-1.0163819,-1.025869,-0.085458376,-1.5894079,-0.5055867,-1.1055512,0.054188643,-0.34935355,-0.99985737,-0.39313596,-0.86972684,-0.11825684,-0.97554404,-0.9111996,-1.0226238,-1.2627553,1.2844054
E07000122,1.7983308,-0.799024,-0.9049806,-0.6044566,1.5651833,-1.2604944,-0.5563349,-1.1065313,-0.4450705,-0.36743292,-0.97582006,-0.43905863,-0.69508183,-0.57341665,-0.92294896,-1.2748829,-0.22699063,-1.3359082,1.2753257
E07000123,1.1878498,-0.799024,-1.0145214,-0.3811711,1.3924356,-1.9308078,-0.5114331,-0.9618234,-0.82925516,-0.24934122,-0.90107554,-0.45800602,-1.0455693,-0.7033639,-1.0947772,-1.1659195,-1.451879,-1.3049177,1.2830508
E07000124,0.007348261,-0.799024,-0.6443397,-1.6341958,-0.3451975,-0.44153532,-1.3028762,-0.9922912,0.570989,-0.54774904,-0.99995166,-0.7496613,-1.2722124,-0.29642895,-0.92320967,-1.1659195,-1.1377919,-1.3547294,1.4541037
E07000125,0.91613185,-0.799024,-0.7694063,-0.6281519,0.44656965,-1.0480392,-1.0682821,-1.1054721,-0.62349504,-0.41433775,-0.9979083,-1.0636388,-1.0792356,-0.46579248,-1.0344609,-1.1142297,-0.40819088,-1.3434455,1.3128612
E07000126,0.17826872,-0.799024,-0.96877813,-0.38684577,-0.16706318,-0.96687037,-0.9024164,-1.0771097,0.013818298,-0.6016976,-0.9979102,-1.2160376,-1.258377,-0.21497023,-0.91076064,-1.1989851,-0.2449319,-1.323736,1.2977246
E07000127,0.4816377,-0.799024,-0.9764691,-0.8624114,-0.11147453,-1.0254904,-0.64877117,-1.0628093,0.2599653,-0.61336905,-0.9977644,-0.9780211,-1.27178,-0.5195882,-0.97450143,-1.3033606,-1.0044237,-1.3013176,1.2777297
E07000128,1.6799738,-0.799024,-0.9704129,-0.7606868,-0.4294921,-0.5708875,-0.6480983,-0.83051145,1.1958281,-0.4234055,-0.9544142,-0.7795897,-0.981303,-0.12604919,-0.91232336,-0.9177595,-0.8419332,-1.317985,1.3117589
E07000129,0.08157247,-0.799024,-0.9401593,-0.46082753,0.0435384,-1.0869615,-0.81934124,-1.100971,0.07825962,-0.6150863,-1.0002682,-0.9994288,-1.2554625,-0.4333759,-0.95804155,-1.3160152,-0.46150842,-1.3379743,1.3182914
E07000130,-0.52388823,-0.799024,-1.0306461,-0.5229451,-0.051193725,-1.7461059,-0.5310954,-1.0979378,-0.32618552,-0.60870665,-0.98730075,-0.7059437,-1.2562251,-0.41916606,-1.0191188,-1.2871436,-1.3996444,-1.323736,1.2766694
E07000131,-0.71506315,-0.799024,-0.9098442,-1.3393099,-0.101861894,-0.5717398,-1.481344,-1.0643358,0.24486397,-0.61185294,-1.0000502,-0.60850513,-1.2056946,-0.5536938,-0.92415833,-1.32861,-0.900048,-1.3465067,1.442478
E07000132,-0.36286673,-0.799024,-0.9731463,-0.7828351,-0.33564577,-0.9314036,-0.93929625,-1.054094,0.023677051,-0.54936546,-0.9793463,-1.045839,-1.2545292,-0.09472967,-0.88394374,-1.0742186,-0.24955913,-1.323736,1.3770288
E07000133,-1.1487353,-0.799024,-0.4913659,-1.6121353,-0.33796376,-0.58582604,-1.3369526,-1.0134001,0.15453508,-0.5851398,-0.97942656,-0.7922775,-1.2712812,-0.18321611,-0.91547567,-1.1351134,-0.3841839,-1.3468755,1.7335422
E07000134,0.280751,-0.799024,-0.94569033,-0.8012061,-0.1583282,-1.0266279,-1.1049434,-1.0917357,-0.39822498,-0.60553116,-0.9996593,-1.0204688,-1.2716447,-0.3603212,-0.9594454,-1.2534171,-0.3087616,-1.3314128,1.3985177
E07000135,0.4084419,-0.799024,-0.59924775,-0.28255957,0.7598514,-0.99083084,-0.5973241,-1.1056824,0.8933714,-0.56827813,-0.9388558,-0.27870518,-1.2691675,-0.92001015,-1.092806,-1.5023012,-1.3921452,-1.3465067,1.3769146
E07000136,-0.11910978,-0.799024,-0.7547227,-1.2055413,0.06470508,-1.2578704,-0.55077004,-1.0862089,0.079641365,-0.57271343,-0.99345624,-0.9528889,-1.0886068,-0.2843924,-1.0358758,-1.1659195,-0.6874345,-1.3314128,1.4133923
E07000137,-0.17310974,-0.799024,-1.0136408,-1.8173827,-0.27211985,-0.30991077,-0.6112261,-0.54051083,0.97589314,-0.39692348,-0.83569753,-0.4176908,-0.28313035,0.051717285,-0.95566136,-0.76697004,-1.1244512,-1.3379743,1.2982185
E07000138,-1.6258303,-0.799024,-0.9354362,-0.29517785,0.34722337,-2.252225,-0.4439498,-0.9635365,-0.68341815,-0.14506488,-0.99575746,-0.8466244,-0.63899773,0.0091621755,-0.98955816,-0.8218064,-1.1349471,-1.3491079,1.3122553
E07000139,-1.1507552,-0.799024,-0.9806429,-1.4915981,-0.3757598,-0.84142727,-0.8177002,-1.0198768,0.36874136,-0.6102905,-0.93932873,-0.9028815,-1.2142091,-0.0009483651,-0.8755772,-1.0925857,-0.8730414,-1.3314128,1.401644
E07000140,-0.5176499,-0.799024,-0.9161447,-1.4953166,-0.41490793,-0.8461126,-0.68540025,-1.0046538,0.7399853,-0.61459833,-0.9406185,-0.8010034,-1.1422507,-0.07997787,-1.0255088,-1.1896956,-0.4100327,-1.3465067,1.4861672
E07000141,-1.2558326,-0.799024,-1.0145483,-1.3657136,-0.14436516,-0.6530867,-0.9659888,-1.022546,0.28910014,-0.5884888,-0.9697611,-1.0092089,-1.2419027,-0.08710728,-0.9042407,-1.1134002,-0.36726665,-1.3337234,1.3719307
E07000142,-1.2483202,-0.799024,-0.9197769,-1.7968829,-0.41930848,-0.59390295,-0.8526368,-0.91061836,0.3344066,-0.5819849,-0.9429042,-0.9475238,-1.0334918,-0.10768741,-0.92006654,-1.0450922,-0.79482985,-1.3555537,1.4817322
E07000143,-1.2700971,-0.799024,-1.0124323,-1.6085854,-0.42857245,-0.8711225,-0.60590386,-0.98125976,0.8165391,-0.61528856,-0.96207607,-0.71509504,-1.0946459,-0.24714914,-0.99196523,-1.1851946,-1.2018429,-1.3264216,1.543567
E07000144,-1.3446326,-0.799024,-1.0020436,-1.0674675,-0.4651079,-0.5885537,-0.89200264,-0.94758195,1.0180805,-0.6065225,-0.94367987,-0.843103,-1.2550288,-0.079224505,-0.8362554,-1.0964118,-0.65256345,-1.3337234,1.5991288
E07000145,-0.53038925,-0.799024,-0.93658507,-0.58019334,-0.25779173,-0.9100717,-0.54833543,-0.97978944,0.5654971,-0.45837682,-0.9902143,-0.9931765,-0.96084625,-0.2898513,-1.0093348,-1.0412468,-0.39863026,-1.317985,1.5398644
E07000146,-0.31615463,-0.799024,-1.021198,-1.6171368,-0.42560422,-0.73034084,-0.58255994,-0.91402316,0.876026,-0.59179586,-0.9439308,-0.7199638,-0.9556743,-0.18268195,-1.0072533,-1.0977981,-0.7481816,-1.3117129,1.4363371
E07000147,-1.1380812,-0.7990251,-0.95303756,-1.5958567,0.26432386,-0.23467311,-0.542934,-0.4761086,1.9597601,-0.2570887,-0.7981001,-0.13172892,-0.23242044,0.11283439,-0.9197807,-0.64806813,-1.221553,-1.349108,2.1487072
E07000148,-2.0659504,-0.7990251,-1.0139688,-0.3448934,-0.15614933,-2.4100544,-0.4261881,-0.900646,-0.60032773,0.5854883,-1.0002356,-0.56008494,-0.48312905,-0.0923021,-0.96372366,-0.5443854,-1.4660902,-1.3399175,1.5031891
E07000149,-1.7767683,-0.799024,-1.0112541,-1.3584621,-0.24442977,-0.66442156,-0.79984677,-1.0098307,0.6864356,-0.6101357,-0.9371251,-0.5860134,-1.2446636,-0.15307017,-0.896416,-1.1185284,-0.7220119,-1.3379743,1.5765243
E07000150,0.079183705,-0.799024,-0.7687697,-0.41592798,2.4892385,-1.5564033,-0.70123714,-0.9999708,-1.329201,-0.614906,-0.9877517,-1.1970925,-1.2427713,-0.630155,-1.0014701,-1.3548146,-0.22363012,-1.3536611,1.7045215
E07000151,-0.050846018,-0.799024,-0.8696186,-1.4824636,-0.09335488,-0.79629666,-1.2951531,-1.0720143,-0.31279778,-0.6003747,-0.9972835,-0.7839974,-1.2726178,-0.48188335,-0.93133855,-1.3187783,-1.3503532,-1.3491079,1.674939
E07000152,-0.27096164,-0.799024,-0.9158378,-1.2268342,0.28605267,-0.75102955,-1.1319795,-1.0824896,-0.08922062,-0.6116163,-0.9937612,-0.7678862,-1.272636,-0.32206795,-0.9482058,-1.2693988,-1.2034054,-1.3417401,1.5401456
E07000153,-0.16955955,-0.799024,-0.94293904,-0.7099657,1.0420252,-1.1179558,-0.8576629,-1.1053159,-0.49130455,-0.5342007,-0.99990904,-0.9475193,-1.2627196,-0.3411305,-0.9657209,-1.1576664,-0.4412111,-1.320925,1.4806358
E07000154,0.682588,-0.799024,-1.0331693,-0.2964217,2.184011,-1.6208948,-0.5981837,-1.0067862,-0.9203605,-0.4810665,-0.9882523,-0.916261,-1.1635352,-0.5754772,-1.0617965,-1.2178416,-0.7825631,-1.2897086,1.2744194
E07000155,-0.9642247,-0.799024,-0.90991443,-1.3869486,0.15850683,-0.63604647,-1.5963396,-1.0811071,-0.25164,-0.5621628,-0.9968393,-0.8308656,-1.1409178,-0.48152965,-0.8973996,-1.3808802,-0.3019579,-1.339917,1.5891274
E07000156,0.012222866,-0.799024,-0.83820236,-0.6529187,1.2193681,-0.98363924,-0.7894018,-1.1037515,-0.4261135,-0.50013095,-1.0002049,-0.9900793,-1.2193159,-0.40402725,-1.0021782,-1.1427889,-0.4341354,-1.3521677,1.6232157
E07000163,0.13042301,-0.799024,-0.59565586,-2.1649013,-0.43838587,-0.3345014,-0.91821223,-0.80412614,1.0538852,-0.31369638,-0.9358806,-0.4172169,-0.87041163,-0.1036457,-0.93110865,-0.8303358,-0.9155274,-1.3417401,1.6661791
E07000164,-0.7133682,-0.799024,-0.9037492,-1.9146091,-0.4425385,-0.496141,-0.9939183,-0.8825824,0.8400732,-0.5643235,-0.971739,-0.85618615,-1.1995839,-0.13543497,-0.887365,-1.0582081,-1.0795845,-1.3264216,1.5312493
E07000165,-0.6763896,-0.799024,-1.0252296,-1.5091219,-0.2054966,-0.4860494,-1.2702098,-1.0469304,0.7974309,-0.539817,-0.98705673,-0.7334063,-1.240023,-0.16471215,-0.87612647,-1.0511038,-1.3239459,-1.317985,1.3004961
E07000166,-0.61520535,-0.799024,-0.53335375,-2.281664,-0.41520846,-1.2583004,-0.6510816,-1.0665436,0.014051985,-0.5920322,-0.9982132,-0.18113256,-1.1243231,-0.18863142,-0.87756085,-1.1859155,-0.14194563,-1.3512591,1.8651811
E07000167,-0.83960843,-0.799024,-0.56361544,-2.3459804,-0.4137156,-0.43423218,-0.88537174,-0.8086873,0.9070075,-0.49275196,-0.92416894,-0.44490945,-0.9285108,-0.1345946,-0.9358019,-0.9404481,-1.115229,-1.3554784,2.089777
E07000168,0.17371723,-0.799024,-0.96438444,-1.450812,-0.43341216,-0.5701425,-0.6457318,-0.7924853,0.9413845,0.07837521,-0.9536531,-0.48397917,-0.4291054,0.015607553,-0.984358,-0.65331966,-1.109004,-1.3264216,1.3364146
E07000169,-0.704166,-0.799024,-0.8941519,-1.3734974,-0.17509928,-0.9201624,-1.2021904,-1.0859263,-0.22781976,-0.6002133,-0.99299794,-1.1490271,-1.2713859,-0.21124935,-0.9378013,-1.2948997,-0.30416098,-1.3491079,1.4370297
E07000170,-0.008382707,-0.799024,-0.9990363,-0.34544563,0.09336828,-1.2283491,-0.82720083,-1.1050159,-0.4391497,-0.5674411,-0.99613404,-1.2076244,-1.1887649,-0.15431984,-0.9416511,-1.1383073,-0.45150864,-1.3264216,1.3007993
E07000171,0.056142308,-0.799024,-0.98230827,-1.2305017,-0.31385568,-0.8522669,-0.97705454,-1.0462655,0.09711134,-0.5759842,-0.99165,-1.0417227,-1.1806319,-0.15890089,-0.89731956,-1.0970967,-1.3213309,-1.3264216,1.2932931
E07000172,0.276013,-0.799024,-0.9750149,-0.30807173,-0.42762327,-1.2849268,-0.736869,-1.0910424,0.14224091,-0.5674538,-0.9924978,-1.127055,-1.2619854,-0.17177042,-0.8902798,-1.134061,-0.28057927,-1.317985,1.3121092
E07000173,0.0049549574,-0.799024,-0.98409873,-0.38588348,-0.28308654,-1.052784,-0.93381536,-1.0917987,0.15776941,-0.4627816,-0.99212164,-1.0896512,-1.1926507,-0.20410718,-0.9157632,-1.0368162,-0.22870764,-1.3117129,1.3052611
E07000174,-0.23730902,-0.799024,-0.9646509,-0.30831957,-0.09298013,-1.2932643,-0.750947,-1.1041819,-0.26168433,-0.50691855,-0.99813676,-1.2112397,-1.1703776,-0.15781282,-0.93972856,-1.0946054,-0.35583577,-1.3417401,1.3358268
E07000175,-0.24313481,-0.799024,-0.9907097,-1.217346,-0.24636707,-0.8894049,-0.87988985,-1.051271,0.1004777,-0.5580401,-0.98856056,-0.8991571,-1.165868,-0.29690868,-0.92388445,-1.0951407,-1.0780905,-1.3314128,1.3310808
E07000176,-0.3292389,-0.799024,-0.9838847,-0.9403723,-0.13257992,-0.94186014,-1.0121171,-1.0972464,0.33452997,-0.6091534,-1.0002363,-0.592379,-1.2198864,-0.32133156,-0.94394666,-1.2637421,-1.143426,-1.3289818,1.3150293
E07000177,-0.99296755,-0.799024,-1.0196656,-1.0188448,0.62465584,-1.2030956,-0.9093626,-1.0974331,-0.21297845,-0.5924984,-0.9940473,-0.9622394,-1.2529919,-0.39992726,-1.0359875,-1.4053253,-1.1961637,-1.3013176,1.4055493
E07000178,-1.4383482,-0.799024,-1.0225104,-0.3276289,0.6510747,-2.5625675,-0.31718308,-0.61416066,-1.1652733,-0.5580013,-0.7227779,-0.056141328,-0.8273267,-0.5470539,-1.0931617,-1.3236077,1.1908305,-1.2897086,1.3073685
E07000179,-1.121816,-0.799024,-1.013442,-1.1488843,0.22484474,-0.78703725,-1.131256,-1.0993614,0.33313435,-0.6005756,-0.998828,-0.6332275,-1.1335258,-0.49334514,-0.9438643,-1.3730288,-1.17474,-1.3013176,1.5063636
E07000180,-0.6864877,-0.799024,-1.0069891,-1.0761831,0.3165779,-1.0387814,-0.8559013,-1.1061755,0.22819719,-0.6152744,-1.0001132,-0.8813724,-1.2663499,-0.3293756,-0.96432817,-1.2917522,-1.2918599,-1.3049177,1.5761989
E07000181,-0.7209183,-0.799024,-0.9670258,-1.3503587,-0.13944897,-0.9266589,-0.89593744,-1.088024,0.40673536,-0.6151296,-0.997427,-0.7978727,-1.2710645,-0.32913306,-0.9221558,-1.2523656,-1.2422087,-1.3117129,1.6247388
E07000187,-1.8627403,-0.799024,-0.9784135,-1.3428415,-0.08331965,-0.58663684,-0.944955,-1.0224988,0.5063335,-0.4961906,-0.99811894,-0.53795224,-1.1717887,-0.4180037,-0.94883823,-1.0663022,-1.410167,-1.3363763,1.89357
E07000188,-0.76102406,-0.799024,-0.9926755,-1.1155576,-0.2207444,-0.71673334,-0.7481809,-1.0028511,0.5196947,-0.5559844,-0.98440313,-0.67955244,-1.1676507,-0.37330925,-0.98725754,-1.12675,-0.61640966,-1.3379743,1.5713795
E07000189,-1.818032,-0.799024,-1.0276524,-1.2611992,-0.3699834,-0.6714787,-0.6506409,-0.93749934,0.7570338,-0.48739678,-0.971959,-0.5425558,-1.0890893,-0.2346135,-0.9523158,-1.0054079,-1.0854199,-1.3465067,1.5619891
E07000192,0.5036889,-0.7990251,-0.93911105,-0.32671502,-0.26151848,-1.2852813,-0.9667179,-1.1059406,-0.36842918,-0.6090987,-0.9992523,-1.2111179,-1.2695454,-0.29770008,-0.9456908,-1.269892,-0.242715,-1.3179841,1.3582329
E07000193,0.35729006,-0.7990251,-0.9855497,-0.90282196,0.3542637,-1.1547939,-0.81177485,-1.1063466,-0.17611165,-0.5477495,-0.99646145,-0.9504852,-1.1587185,-0.42460617,-1.0641001,-1.222836,-1.0136771,-1.3049167,1.2958218
E07000194,0.55260926,-0.799024,-0.95131284,-0.8882357,-0.43016806,-0.7829613,-0.8938285,-0.9917194,0.29098922,-0.5837886,-0.98970616,-0.9835529,-1.2701147,-0.34817597,-0.9366981,-1.3159518,-0.99417967,-1.297584,1.3578551
E07000195,0.31685176,-0.799024,-1.0020748,-0.54936296,-0.43357775,-1.5013396,-0.6031641,-1.1006904,0.11932577,-0.43166593,-0.9993992,-1.0968488,-1.1336284,-0.17620869,-0.90814245,-1.0156795,-1.4670299,-1.320925,1.2779781
E07000196,0.5585156,-0.799024,-0.9724815,-0.9667022,-0.40999675,-0.7923551,-0.98789895,-0.9631944,0.5592019,-0.60783386,-0.9970538,-0.96146667,-1.2398598,-0.2769185,-0.8818802,-1.2872492,-1.0269938,-1.2937168,1.3005352
E07000197,0.18425089,-0.799024,-1.0092078,-1.0878233,-0.45461854,-1.0347055,-0.8749736,-1.0529451,0.23040174,-0.52228516,-0.9937604,-0.91528916,-1.2184467,-0.14811593,-0.9019989,-1.0568839,-1.2996651,-1.3264216,1.2870965
E07000198,0.24120624,-0.799024,-0.9331648,-1.277824,-0.4609331,-0.57294023,-1.1109238,-0.9159053,0.44303343,-0.5543778,-0.97659856,-0.97341126,-1.2441953,-0.08380239,-0.8821794,-1.0659971,-0.5522195,-1.3379743,1.3593804
E07000199,1.1481667,-0.799024,-0.81805164,-0.28507334,0.40169674,-1.2629577,-0.7051054,-1.1032597,-0.71298534,-0.61499846,-0.9958775,-1.2115504,-1.2673037,-0.45336825,-0.9877055,-1.3493874,-0.2163729,-1.3149154,1.4180895
E07000200,-1.1051536,-0.799024,-0.90496284,-1.3499409,-0.42692363,-0.43061158,-0.8679545,-0.9033687,0.89411485,-0.5584914,-0.96797067,-0.53613013,-1.207954,-0.3451694,-0.8975747,-1.077681,-0.9679516,-1.3478632,1.8272134
E07000202,-0.8465125,-0.799024,-1.0108002,-0.33291975,0.88395035,-1.6831754,-0.5557055,-1.045414,-0.29578382,-0.30207804,-0.9924416,-1.0237906,-1.1127743,-0.3831997,-1.0323371,-1.0585027,-0.800144,-1.317985,1.47021
E07000203,-0.9104959,-0.799024,-0.9468405,-1.5390913,-0.45238453,-0.64546555,-0.89319766,-0.9410828,0.48199683,-0.61263484,-0.9636452,-0.3648926,-1.2724371,-0.4015895,-0.9283546,-1.2342333,-0.81690407,-1.3465067,2.0027726
E07000207,-0.8431331,-0.799024,-1.0099393,-0.30580258,2.5220575,-0.50856775,-1.9309444,-1.077313,0.22689156,-0.6116105,-0.95403445,-0.6618908,-0.7897474,-0.725008,-0.9409205,-1.4025297,-0.48031092,-1.2855674,1.4527768
E07000208,0.0057339305,-0.799024,-0.841259,-0.28197065,1.5070523,-0.94602287,-1.1330132,-1.0891174,-0.046935868,-0.6037064,-0.9420238,-0.92943215,-0.8422323,-0.68555963,-0.9662115,-1.4545869,-0.808535,-1.3083802,1.6576365
E07000209,-1.0284574,-0.799024,-1.0188739,-0.6004128,0.12742087,-1.8287908,-0.5667094,-1.0408926,-0.31808192,-0.61133003,-0.9736283,-0.6998569,-1.236481,-0.5680288,-0.94969136,-1.3611374,-1.3639404,-1.3013176,1.4218283
E07000210,-0.087805495,-0.799024,-0.884785,-0.8455652,-0.22838053,-0.42044106,-1.4337348,-1.053843,0.93909734,-0.53778476,-0.99916965,-0.5992061,-1.2542615,-0.49614057,-0.9415723,-1.1973217,-0.87080836,-1.3083802,1.6679134
E07000211,-0.08805876,-0.799024,-1.0187898,-0.3474695,0.8946514,-1.0673977,-1.1078969,-1.0846711,0.053524897,-0.6140142,-0.9729469,-0.7887029,-1.1441892,-0.5636787,-0.9666389,-1.3613459,-1.3498152,-1.2768652,1.4263053
E07000212,-0.47345996,-0.799024,-0.8886334,-0.3508774,-0.116927475,-1.8414466,-0.58636916,-1.0359524,-0.09760481,-0.542796,-0.9635172,-0.7655822,-1.2721441,-0.48563436,-0.9889079,-1.2379273,-1.4619725,-1.3264216,1.4932348
E07000213,-0.008911785,-0.799024,-0.9364627,-0.2796427,0.2808405,-1.1498616,-1.0636774,-1.0947212,0.12982431,-0.5803249,-0.973015,-1.1288807,-1.2434249,-0.62491965,-0.98042,-1.3149782,-0.30396217,-1.323736,1.4906992
E07000214,-1.0469966,-0.799024,-0.8930152,-0.3994428,0.2728547,-0.82860756,-1.4592159,-1.1060998,0.26539993,-0.4923882,-0.9769627,-0.776658,-0.96818656,-0.6482279,-1.005116,-1.496243,-1.1535157,-1.3117129,1.6278051
E07000215,-0.15935825,-0.799024,-0.88604766,-0.821676,0.32256186,-0.7674905,-1.1245819,-1.1007687,0.37640557,-0.6149751,-0.987942,-0.5616436,-1.1518258,-0.56587076,-0.9828261,-1.370799,-1.3478699,-1.317985,1.7083925
E07000216,-1.0206064,-0.799024,-0.99689543,-0.8041644,1.1644484,-0.4609015,-1.1233706,-1.0996104,0.81242746,-0.6076556,-0.9961834,-0.5161195,-1.270811,-0.61023414,-0.93508536,-1.2675173,-1.4781619,-1.3117129,1.5367726
E07000217,-0.4427096,-0.799024,-0.9426178,-0.29398173,1.4600791,-1.074362,-1.1826959,-1.0575404,-0.11236367,-0.6129594,-0.94912684,-0.8412973,-1.1607486,-0.7675369,-1.0755302,-1.4615713,-0.37101907,-1.3289818,1.5120912
E07000218,0.8079726,-0.799024,-0.70609313,-1.0846496,-0.399394,-0.89734894,-1.0414778,-1.0510426,0.09561916,-0.6148577,-0.9994867,-1.1339549,-1.2724434,-0.4142031,-0.93087876,-1.2813379,-0.28381276,-1.3314128,1.5093344
E07000219,0.42239842,-0.799024,-1.0013342,-0.29076147,0.37179035,-1.2366972,-0.69470084,-1.1049094,-0.3484646,-0.55932134,-0.99598545,-1.1936749,-1.2552155,-0.3947926,-1.00433,-1.2302489,-0.21848315,-1.2937168,1.304035
E07000220,-0.46976703,-0.799024,-0.96038705,-0.9047489,0.7909881,-1.1341347,-0.83092296,-1.1026691,-0.048757453,-0.5809004,-1.0002068,-0.99179876,-1.2444719,-0.45300162,-0.9339125,-1.190918,-1.0363526,-1.3379743,1.4356507
E07000221,-0.40959263,-0.799024,-0.9996113,-1.4658561,-0.4653273,-0.550255,-0.96787804,-0.9561189,0.96525264,-0.5359944,-0.97193927,-0.7021469,-1.2551372,-0.15587825,-0.8814815,-1.0571532,-0.61879724,-1.3013176,1.4665118
E07000222,-0.4356724,-0.799024,-1.0150484,-0.63762873,-0.32994345,-1.6858716,-0.6036549,-1.0953633,0.055082962,-0.33788157,-1.0002726,-0.57472837,-1.2264154,-0.2803994,-1.0456795,-1.062688,-0.40137947,-1.3049177,1.3225291
E07000223,-1.3952119,-0.799024,-0.694375,-0.29842654,-0.2281357,-0.7168577,-0.88905156,-1.0540252,0.7764615,-0.28281352,-0.99477214,-1.0049713,-1.1877964,-0.02089137,-0.9156695,-0.9062081,-0.58254856,-1.3512591,2.3131835
E07000224,-1.7238466,-0.799024,-1.024955,-0.4845816,-0.4155341,-0.57230264,-0.578328,-0.82879645,1.560909,-0.12725438,-0.9627395,-0.3911482,-0.8044591,-0.049189795,-0.9471563,-0.74835056,-1.2658328,-1.3379743,1.6305119
E07000225,-1.4614471,-0.799024,-0.989353,-1.3510643,-0.46611416,-0.5590495,-0.6406089,-0.8972231,1.3976399,-0.2754249,-0.97692955,-0.17635968,-1.0616605,-0.2491963,-0.9351658,-0.87059456,-1.3126296,-1.3379743,1.6987875
E07000226,-0.7941815,-0.799024,-0.9732025,-0.28583097,2.103247,-1.7224377,-0.70586616,-0.8665227,-0.9270898,-0.6032945,-0.8986023,-1.0524118,-1.2415208,-0.89408326,-1.0910753,-1.4504087,-0.23084004,-1.3149154,1.603726
E07000227,-0.8891056,-0.799024,-1.0148377,-0.9828669,-0.1506825,-0.62797815,-1.1495135,-1.0630442,0.6020476,-0.5798667,-0.9997348,-0.6618113,-1.2546725,-0.29546317,-0.91660905,-1.1879672,-1.1221291,-1.3117129,1.5577155
E07000228,-0.46070242,-0.7990251,-1.0200013,-0.69431585,0.43413118,-0.7972057,-1.1526773,-1.1049953,0.3300708,-0.60744125,-0.99440354,-0.8438208,-1.2078387,-0.45712063,-0.94661283,-1.2986538,-1.0343285,-1.3013183,1.4771732
E07000229,-1.5431849,-0.7990251,-0.9675723,-0.32633013,-0.3608971,-0.9100264,-0.96979225,-1.0928531,0.86957675,0.22425199,-1.0001719,-0.5393187,-1.1638061,-0.09255062,-0.9665225,-0.7570315,-0.9075387,-1.3359076,1.8062516
E07000234,-0.08542918,-0.799024,-0.9341075,-0.68720156,-0.27315283,-0.77318484,-1.0058143,-1.0711967,0.665978,-0.6149289,-0.99974984,-0.8218582,-1.2428449,-0.28699198,-0.85261875,-1.2532222,-1.4368365,-1.3049177,1.4028885
E07000235,-1.3980668,-0.799024,-0.8286313,-1.4396529,-0.44517168,-0.28561264,-0.8548434,-0.80876136,1.3546315,-0.47366542,-0.9559685,-0.4200632,-0.9982495,-0.17727531,-0.91422355,-0.9391836,-1.4016093,-1.3359082,1.9026517
E07000236,0.2189631,-0.799024,-0.8724951,-0.29445457,0.6466628,-1.3621095,-0.6122785,-1.105506,-0.8167766,-0.6137082,-0.99913967,-1.027648,-1.2653083,-0.53997093,-1.0497351,-1.3442304,-0.21405192,-1.323736,1.4556338
E07000237,-1.0360502,-0.799024,-0.94494843,-0.3118387,0.12482918,-1.7309735,-0.6048258,-1.065746,-0.40334204,-0.40223643,-0.9977594,-0.8397749,-1.1986095,-0.3423358,-1.018296,-1.0936663,-1.0320058,-1.320925,1.4852729
E07000238,-0.6758105,-0.799024,-0.9992916,-1.1994504,-0.44608667,-0.56089455,-0.9166141,-0.9344709,0.6509994,-0.6137203,-0.96260715,-0.7714799,-1.2696227,-0.16808084,-0.9036857,-1.1659195,-0.53867507,-1.3083802,1.4866163
E07000239,0.19260004,-0.799024,-0.942276,-0.6240537,-0.42914104,-0.7916788,-0.7334919,-0.9681868,0.47288045,-0.42427644,-0.9752346,-1.0098779,-1.0868899,-0.12797873,-0.9036277,-0.96019685,-0.38410467,-1.3117129,1.4512687
E07000244,-0.46739018,-0.799024,-1.0344257,-1.1824696,-0.44803855,-0.4656401,-0.65161633,-0.86037034,1.2054368,-0.43213272,-0.95284456,-0.19375136,-1.0918727,-0.26485643,-0.94878215,-0.9484175,-0.90274185,-1.2937168,1.4179354
E07000245,-1.7484732,-0.799024,-1.0300722,-1.2698516,0.059978403,-1.3820567,-0.52594846,-1.1022124,0.31245935,-0.6055616,-0.9909262,-0.87480265,-1.1897873,-0.31201175,-0.93190163,-1.1647741,-1.3807126,-1.339917,1.5653962
E07000246,-1.9124801,-0.799024,-1.0222791,-1.4709368,-0.4398003,-0.71561533,-0.62493217,-0.95005476,1.0669785,-0.3878328,-0.98102117,-0.45000994,-0.9837346,-0.14951131,-0.94802916,-0.9240784,-1.4481583,-1.3359082,1.5807726
E08000001,1.2735746,-0.799024,-1.0396837,-0.2790435,1.9802152,-1.3209013,-0.6347952,-1.0907458,-0.699802,-0.3851718,-0.9644919,-0.95209247,-1.1371634,-0.5215982,-1.0933396,-1.2328731,-0.23013188,-1.2855674,1.3091679
E08000002,1.6880329,-0.799024,-1.0314984,-0.28027847,1.0029747,-1.2498049,-0.7279492,-1.1022383,-0.42283434,-0.43107796,-0.9829234,-1.0566977,-1.193509,-0.42973867,-1.0672011,-1.1896633,-0.4539448,-1.2855674,1.3026992
E08000003,0.20147435,-0.799024,-1.2280859,-0.4282402,1.6495471,-2.6116352,-0.3527282,-0.20774549,-1.99681,-0.20593186,-0.87435925,-0.63777333,-0.3036959,-0.6341286,-0.97238183,-1.1972569,-1.4192439,-1.2627553,1.095418
E08000004,2.077692,-0.799024,-1.033613,-0.28920734,3.5940287,-1.4091663,-0.55086935,-1.053219,-0.83586794,-0.5703744,-0.89948076,-0.95958036,-0.9864805,-0.69386536,-0.8916162,-1.4611732,-0.27480838,-1.2723045,1.3104362
E08000005,2.2077174,-0.799024,-1.0329944,-0.31060076,2.1429207,-1.4273089,-0.5968788,-1.0765082,-0.7953618,-0.39933383,-0.9357193,-0.8132066,-0.9738633,-0.7173103,-1.0377322,-1.3001148,-0.40512034,-1.2812846,1.3127642
E08000006,1.0254245,-0.799024,-1.0349718,-0.29002792,0.9559099,-2.1171885,-0.48731288,-0.92899567,-0.9952996,0.22222687,-0.990403,-0.95866805,-0.5309965,-0.19913016,-1.0657029,-0.80710196,-1.2177484,-1.2675983,1.3128685
E08000007,0.73426837,-0.799024,-1.0411241,-0.28126124,0.28456762,-1.0688198,-0.81344706,-1.1058427,0.20681751,-0.3509344,-0.9954093,-0.953307,-1.2614814,-0.39233363,-0.98426175,-1.0876497,-0.29062593,-1.2723045,1.3065234
E08000008,2.501864,-0.799024,-1.0331693,-0.2794332,0.75522506,-1.3252208,-0.7589206,-1.1014515,-0.6635747,-0.2483274,-0.98472327,-1.194694,-1.1200417,-0.27324352,-1.0475227,-1.0616617,-0.23720813,-1.2855674,1.3055643
E08000009,0.77517414,-0.799024,-1.033652,-0.27990666,1.6949253,-1.0785373,-1.0278894,-1.0680223,-0.14183494,-0.51973236,-0.9718043,-1.0201845,-1.2718861,-0.67154104,-1.0368236,-1.2822008,-0.21277799,-1.2723045,1.294167
E08000010,2.525542,-0.799024,-1.0518434,-0.2856265,0.051728632,-1.2101154,-0.920736,-1.1036267,-0.69907385,-0.49999717,-0.9994324,-1.2184471,-1.2609255,-0.1895679,-0.8960131,-1.1207128,-0.22026747,-1.2855674,1.3014256
E08000011,1.8015248,-0.799024,-1.0199145,-0.28628215,0.90961254,-1.3797458,-0.6263692,-1.0996189,-0.36716983,-0.4395881,-0.9367882,-1.2214695,-1.2674527,-0.72164446,-1.0019407,-1.24131,-0.21528064,-1.2897086,1.2867298
E08000012,1.9002976,-0.799024,-1.1730094,-0.40402165,-0.10572186,-2.2604573,-0.47306073,-0.9825745,-0.8787284,0.58160925,-0.93030566,-0.8784016,-0.8194947,-0.36029634,-1.0331817,-0.7337235,-1.463995,-1.2526326,1.2234321
E08000013,0.9845181,-0.799024,-1.0302627,-0.31883788,-0.14704268,-1.1816715,-0.724987,-1.0894186,-0.1385666,-0.45472175,-1.0000958,-1.2208558,-1.2249593,-0.23773967,-0.8773996,-1.0773612,-0.24193983,-1.2812846,1.2859384
E08000014,1.9963032,-0.799024,-1.0377725,-0.28399763,-0.38642225,-0.83848095,-0.7250644,-1.035032,0.8750139,-0.31323197,-0.9941234,-1.0164896,-1.2169898,-0.4052925,-0.9665033,-1.0479869,-0.7430554,-1.2768652,1.3056861
E08000015,1.2819835,-0.799024,-1.0507565,-0.2789779,0.011997466,-0.9241559,-0.73722684,-1.073107,0.33092478,-0.111547574,-0.99478424,-1.0512226,-1.1510218,-0.36491248,-0.9679108,-0.94464767,-0.41101295,-1.2768652,1.3028808
E08000016,1.2603147,-0.799024,-1.0341929,-0.4735762,-0.097091295,-1.2458417,-0.7797109,-1.1017616,-0.28121445,-0.46656343,-0.9933056,-1.2074705,-1.2035519,-0.1059176,-0.8693673,-1.024953,-0.23758204,-1.2675983,1.3062329
E08000017,1.424767,-0.799024,-1.0463486,-0.5995766,0.19881535,-1.308299,-0.6602843,-1.1058066,-0.22117855,-0.5681753,-0.9993729,-1.1086334,-1.2077447,-0.4001221,-0.9945357,-1.2044938,-0.927301,-1.2812846,1.3120105
E08000018,1.2191449,-0.799024,-1.0361471,-0.40363577,0.40426522,-1.1626211,-0.69242865,-1.1024085,-0.19036119,-0.5622073,-0.99984926,-1.1043489,-1.2386644,-0.29224226,-1.0345767,-1.2229428,-0.24811251,-1.2723045,1.3091952
E08000019,-0.07345651,-0.799024,-1.26708,-0.29383498,0.25713068,-2.0559704,-0.4876908,-1.0080054,-0.46104544,-0.40693682,-0.98138595,-0.50920284,-1.0585097,-0.4552002,-1.0937326,-1.1939114,-1.2983383,-1.2247795,1.1972468
E08000021,-0.61299294,-0.799024,-1.0432806,-0.29130983,0.15970841,-2.3681698,-0.4167573,-0.9234625,-0.74929595,-0.19890846,-0.9359345,-0.66568685,-0.93832195,-0.48001072,-1.0896164,-1.1175056,-1.4559226,-1.2577652,1.3072094
E08000022,-0.3382745,-0.799024,-1.0325025,-0.2862358,-0.3049646,-1.151884,-0.8791843,-1.0956932,0.032526787,0.03442413,-0.9945777,-1.1451042,-1.1722685,0.096612565,-0.8176524,-0.73700064,-0.2680336,-1.2897086,1.2801093
E08000023,0.060218863,-0.7990251,-1.0203235,-0.28191006,-0.29730117,-1.2093296,-0.7445354,-1.0920192,0.055279944,0.14192778,-1.0002381,-1.2130537,-1.0165818,-0.005568534,-0.8834464,-0.7441294,-0.3186039,-1.2975856,1.2746288
E08000024,1.46702,-0.7990251,-1.0381271,-0.27910867,-0.3280808,-1.3804243,-0.6673878,-1.0967238,-0.20300812,-0.31048322,-0.9972604,-1.2213638,-1.1650436,-0.0754589,-0.95022553,-0.9989568,-0.5948105,-1.2812854,1.3092612
E08000025,0.779944,-0.799024,-1.8708841,-0.39162257,4.5328183,-2.0160878,-0.46180224,-0.74300426,-0.98904264,-0.54191947,-0.722871,-0.23523891,-0.7052416,-1.1152552,-0.2139991,-1.5274161,-1.1952007,-1.218767,0.8794484
E08000026,-0.4333639,-0.799024,-1.0712407,-0.35081482,1.1353083,-2.3535388,-0.41669047,-0.8084625,-0.9636461,-0.5002209,-0.9202577,-0.8454523,-1.1171066,-0.7683476,-1.0935601,-1.300109,-1.4766968,-1.2627553,1.2962167
E08000027,0.699011,-0.799024,-1.0497919,-0.32250974,0.368118,-1.1575371,-0.65951204,-1.104349,0.15218651,-0.58491695,-0.99270725,-1.1141446,-1.2572827,-0.44461265,-1.0526593,-1.2935597,-0.2811884,-1.2577652,1.3078845
E08000028,1.6693565,-0.799024,-1.0523474,-0.35798833,3.1863196,-1.5920079,-0.56087625,-0.96628034,-0.7067299,-0.58817357,-0.8306484,-1.0019072,-1.1783642,-0.98365176,-0.9435022,-1.4945614,-0.2438276,-1.2526326,1.3127164
E08000029,0.88228726,-0.799024,-1.0328262,-0.3362084,0.48688215,-0.9370254,-0.769681,-1.1027968,0.45459557,-0.55004287,-0.98291856,-0.92118233,-1.2399349,-0.544631,-1.0115021,-1.2779154,-0.26746148,-1.2723045,1.2752146
E08000030,1.6695677,-0.799024,-1.0392675,-0.2940606,2.2842891,-1.3860853,-0.5448249,-1.0773267,-0.21913004,-0.601149,-0.9401529,-0.81291884,-1.1841828,-0.8510024,-1.0335746,-1.4509833,-0.24941403,-1.2526326,1.3014233
E08000031,1.0441972,-0.799024,-1.0358094,-0.35731065,1.6092299,-1.5728933,-0.5652027,-1.033893,-0.24236663,-0.4206562,-0.89806765,-0.8417436,-1.1209825,-0.9375369,-1.0845438,-1.3192827,-0.84479696,-1.2419332,1.2933226
E08000032,0.84261453,-0.799024,-1.2167597,-0.30298403,5.146315,-1.4329181,-0.53277487,-0.98404294,-0.80797035,-0.60715246,-0.82857436,-0.1525025,-0.8518836,-0.9116428,-0.17393202,-1.5379375,-0.76929706,-1.2768652,1.1306305
E08000033,-0.041660167,-0.799024,-1.0326611,-0.57558167,0.5341681,-1.0793178,-0.94862676,-1.1063235,-0.43109542,-0.23068301,-0.9982959,-0.8210674,-1.1331189,-0.28009975,-1.0690316,-1.0395911,-0.23831469,-1.3083802,1.2908483
E08000034,0.35081437,-0.799024,-1.1218132,-0.36281428,1.3130924,-1.3437324,-0.6562089,-1.0944985,-0.5214311,-0.51939535,-0.9754805,-0.60471946,-1.1523261,-0.48523843,-1.0682696,-1.3195863,-0.66518617,-1.2812846,1.2788424
E08000035,0.1253015,-0.799024,-1.5133773,-0.30665275,0.7321927,-2.026904,-0.4882292,-0.99001706,-0.6475983,-0.23822016,-0.9913876,-0.66714096,-1.0097247,-0.29463324,-1.0763395,-1.031233,-1.3444737,-1.2627553,1.001035
E08000036,1.0562273,-0.799024,-1.0599828,-0.3761406,0.061618444,-1.2761209,-0.7725553,-1.1058344,-0.3446177,-0.47732812,-0.9989259,-1.1887262,-1.1935261,-0.14726795,-0.9291816,-1.0695201,-0.45500803,-1.2812846,1.3125035
E09000002,0.4318582,-0.799024,-1.03273,-0.52642137,9.142482,-1.8920704,-0.5168575,-0.1588011,-1.7690192,-0.60553676,-0.61581874,-1.0311791,-1.2620119,-1.3978927,-0.875559,-1.5291377,-0.21387523,-1.2675983,1.2740272
E09000003,0.46970046,-0.799024,-1.0868373,-0.4110886,1.6425493,-1.7650108,-0.64854246,-0.8931086,-0.7021266,-0.61408395,-0.7417794,-0.8209452,-1.262756,-1.1992136,-0.9859935,-1.5398905,-0.5277405,-1.2247795,1.2852087
E09000004,0.6127287,-0.799024,-1.0343494,-0.3760155,1.2572912,-1.4737552,-0.71585643,-1.0194011,-0.14886886,-0.61191976,-0.8933654,-1.0028737,-1.1672833,-1.0382605,-1.0733743,-1.4677101,-0.22387071,-1.2577652,1.273672
E09000005,1.8659841,-0.799024,-1.0537189,-0.68343675,1.7972244,-2.0479498,-0.5655044,-0.759833,-1.3461201,-0.5746339,-0.33673292,-0.5085364,-1.1568736,-1.4018419,0.4098936,-1.2993729,-0.318889,-1.2247795,1.279684
E09000006,0.21466666,-0.799024,-1.0538412,-0.27964255,0.8026369,-1.2219297,-1.062206,-1.0613298,-0.060021687,-0.41836172,-0.96536756,-1.0883394,-1.2710534,-0.71915597,-0.958605,-1.1947898,-0.26250023,-1.236363,1.2738173
E09000007,-0.83358616,-0.799024,-1.0358342,-1.0414424,-0.2925484,-2.5104742,-0.48859438,-0.64129645,-1.4502339,0.7707767,-0.9237317,-0.351785,-0.6707643,-0.42100212,-1.088669,-0.7300181,-1.4700655,-1.247355,1.2966253
E09000008,0.7275435,-0.799024,-1.0824045,-0.4089797,2.6122901,-1.5541862,-0.83335334,-0.89413273,-0.9997313,-0.57561684,-0.8457971,-1.0936671,-1.2568674,-1.0539093,-1.086176,-1.455795,-0.3322817,-1.2306445,1.2780973
E09000009,0.39364704,-0.799024,-1.0585637,-0.5452364,1.9708016,-1.8086048,-0.7312469,-0.8175284,-1.1912011,-0.6092766,-0.49911407,-0.640789,-1.2605491,-1.3681506,-0.47481638,-1.49221,-0.5870873,-1.2306445,1.2912087
E09000010,0.34468323,-0.799024,-1.0549958,-0.38115892,3.4411106,-1.6783755,-0.6687688,-0.8084078,-1.0303644,-0.61440516,-0.7301169,-0.97758806,-1.215002,-1.2609531,-1.0701815,-1.5381392,-0.29843876,-1.2419332,1.2798971
E09000011,-0.2660763,-0.799024,-1.0398555,-0.5437007,2.16512,-2.178847,-0.61194277,-0.46822387,-1.7885795,-0.48605558,-0.776835,-0.74936056,-1.2076485,-1.0804327,-1.0104198,-1.4437572,-1.0399792,-1.2419332,1.2757186
E09000013,-0.584106,-0.799024,-1.0310024,-1.0144436,-0.37231138,-2.4666033,-0.63193023,-0.5171618,-1.7913935,0.32842165,-0.94598174,-0.83998144,-0.9357324,-0.446092,-1.093806,-0.9168327,-0.3579657,-1.2526326,1.29366
E09000014,0.47358653,-0.799024,-1.0369973,-0.798489,0.78684765,-2.2587986,-0.7484512,-0.44371843,-1.9069912,-0.48014322,-0.81645876,-0.8381425,-0.97752565,-1.1836067,-0.9482328,-1.4566491,-0.23470981,-1.247355,1.2760315
E09000015,2.086963,-0.799024,-1.0345823,-0.4513772,1.4204602,-1.6117845,-0.61041814,-1.0179858,-0.46507096,-0.26025718,-0.57948613,-0.60535073,-1.1158867,-1.3950347,-0.71786326,-1.2700839,-0.4330708,-1.2306445,1.2737374
E09000016,1.170549,-0.799024,-1.0353241,-0.28100693,0.7582375,-1.4695605,-0.59029317,-1.0774393,0.15259072,-0.5717228,-0.94530606,-1.0394206,-1.248678,-0.8530664,-1.0386713,-1.3626398,-0.23184526,-1.2627553,1.2840546
E09000017,0.17095193,-0.799024,-1.0445943,-0.290213,2.4348304,-1.8576857,-0.57719135,-0.81768256,-0.91645277,-0.5076187,-0.7134065,-0.7070879,-1.236345,-1.2952474,-1.0075383,-1.5203274,-1.3886638,-1.247355,1.2781023
E09000018,0.18155912,-0.799024,-1.0370203,-0.43757248,1.9664122,-1.9652624,-0.65316045,-0.7583781,-1.5352799,-0.6007718,-0.6496171,-0.95652133,-1.2526968,-1.3398963,-0.7874597,-1.5276573,-0.32445243,-1.247355,1.2741948
E09000019,-0.9449268,-0.799024,-1.0338018,-1.3554566,-0.4372728,-2.6954103,-0.44312048,-0.10299765,-2.1391492,0.65248907,-0.996112,-0.83885825,0.011406565,-0.16872552,-1.0681056,-0.60281456,-1.3609084,-1.247355,1.2941549
E09000020,-0.2851435,-0.799024,-1.0234027,-1.1297973,-0.45459172,-1.9468116,-1.0151126,-1.0339519,-0.8669041,2.580256,-0.9915424,-0.005841847,0.11361339,-0.24863619,-1.0179644,-0.13000412,-0.7311149,-1.247355,1.3607333
E09000021,-0.5737292,-0.7990251,-1.0294517,-0.42998773,0.72616446,-1.893236,-0.7472858,-0.8602045,-0.9386916,-0.6037775,-0.8922873,-1.0650204,-1.243775,-0.83187556,-1.0517682,-1.420116,-1.2837198,-1.2675989,1.3031688
E09000022,0.16225159,-0.7990251,-1.0517765,-1.0537784,-0.45489663,-2.6663342,-0.49792558,-0.0019952927,-2.1429946,-0.123807,-0.9431959,-1.128137,-0.84792763,-0.6544532,-1.0944616,-1.1032742,-0.37866947,-1.2126001,1.2742138
E09000023,0.3139842,-0.799024,-1.0442178,-0.76847565,0.8093806,-2.3252227,-0.71836096,-0.28039455,-1.8705958,-0.20177114,-0.89474726,-0.83908844,-1.1683407,-0.9133731,-1.0945711,-1.2152326,-0.3363948,-1.236363,1.2787122
E09000024,0.34066704,-0.799024,-1.032512,-0.48685217,0.86911345,-1.9706352,-0.7828769,-0.76593685,-1.221149,-0.61073214,-0.8605809,-0.9568721,-1.2704257,-1.0711558,-1.083059,-1.492083,-0.2768002,-1.247355,1.2970324
E09000025,0.40163806,-0.799024,-1.0633687,-0.86318606,2.8527422,-2.5609527,-0.4576194,0.14817816,-2.413316,-0.4057344,0.018318769,0.20425616,-0.92892635,-1.3504617,2.4943664,-0.38940954,-0.29119894,-1.247355,1.2891278
E09000026,1.129778,-0.799024,-1.0443118,-0.48685992,3.1783776,-1.8735768,-0.57172614,-0.7613715,-1.1768723,-0.47968137,-0.48512164,-0.45326355,-1.2726159,-1.4042798,-0.35308543,-1.3028985,-0.2279126,-1.2526326,1.291471
E09000027,-0.7022707,-0.799024,-1.0320309,-0.3339634,1.0536897,-1.1412364,-1.8098854,-1.0240194,-0.7279316,-0.29558593,-0.9676229,-0.9439516,-1.2590747,-0.50657445,-0.9236488,-1.0995326,-0.7904045,-1.2627553,1.3338063
E09000028,-0.49026325,-0.799024,-1.0485909,-0.9608312,-0.12274665,-2.5816488,-0.54881305,-0.10908404,-2.2135322,-0.2817782,-0.9035036,-1.2070185,-0.76521045,-0.5688576,-1.0867786,-1.1992322,-1.0820858,-1.2126012,1.2740827
E09000029,-0.37014234,-0.799024,-1.0324415,-0.42236987,1.3984598,-1.4019216,-1.0921798,-0.975471,-0.5913484,-0.5131694,-0.89954925,-1.1440542,-1.2373723,-0.81954265,-1.039498,-1.3405352,-0.27983493,-1.2577652,1.3027229
E09000030,-0.8056249,-0.799024,-1.0487489,-1.351155,0.86006266,-2.693881,-0.37404415,0.63369614,-2.564025,-0.3169672,-0.8589974,0.34444818,0.13512804,-0.82938653,0.42433852,-1.437579,-0.82611376,-1.2526326,1.2837389
E09000031,0.3048734,-0.799024,-1.038,-0.63124454,2.1273777,-2.1696863,-0.600025,-0.47533426,-1.6103239,-0.61141753,-0.5113275,-0.8663571,-1.2503347,-1.36191,-0.6235157,-1.5315654,-0.23260169,-1.2526326,1.2753178
E09000032,-0.5395135,-0.799024,-1.0519938,-0.84823936,-0.43238786,-2.647675,-0.4849564,-0.2048145,-1.946446,-0.33095583,-0.9896639,-0.84346056,-1.0263563,-0.43938082,-1.0843832,-1.110111,-0.934604,-1.218767,1.2738215
E09000033,-0.48446864,-0.799024,-1.0350618,-1.0608598,-0.46012944,-2.4100664,-0.6165675,-0.72041774,-1.3183644,2.1970215,-0.9893464,-0.1222685,0.4157006,-0.15516527,-1.0733289,-0.21468729,-1.2907075,-1.218767,1.2845865
W06000001,-1.1318375,-0.799024,-0.7605364,-1.6670363,-0.44255042,-0.670464,-0.6046054,-0.86739284,0.6999288,-0.24161114,-0.99719715,-0.66506976,-1.0310333,-0.5428442,-0.9701208,-0.94830024,-0.47080365,-1.3555537,1.9049491
W06000002,-1.1031291,-0.799024,-0.9948041,-2.1553133,-0.36873898,-1.3382462,-0.50053674,-1.0565697,0.55106413,-0.0149318455,-0.9869902,-0.15476215,-0.8853203,-0.69167244,-1.0640771,-0.93680775,-1.4437329,-1.3289818,1.6501281
W06000003,0.15874083,-0.799024,-0.98296225,-1.6269023,-0.45660666,-0.5370443,-0.6420975,-0.8636969,1.4004492,-0.062404692,-0.98770577,-0.38343695,-0.8123885,-0.25120962,-0.9835953,-0.78768444,-1.193827,-1.3337234,1.5192577
W06000004,-0.0036914996,-0.799024,-0.92161924,-1.5623732,-0.2129642,-0.7029366,-0.6751404,-0.9611654,0.3986082,-0.356713,-0.99770874,-0.5666283,-1.1139239,-0.3955042,-1.0266254,-1.0383089,-0.6585516,-1.320925,1.5022211
W06000005,0.26422116,-0.799024,-1.0231221,-0.81656456,-0.05690085,-1.0135933,-0.8176153,-1.0762358,-0.16685478,-0.5995344,-1.0001194,-1.059294,-1.2725792,-0.510971,-0.97722477,-1.2685146,-0.21716182,-1.3149154,1.3211035
W06000006,0.25658998,-0.799024,-1.0094516,-0.978846,0.24969064,-1.1610745,-0.6960036,-1.0991178,-0.17735754,-0.5151805,-0.9966919,-1.1307539,-1.268784,-0.31176335,-0.96713746,-1.174475,-0.5308384,-1.323736,1.2863466
W06000008,-1.9171426,-0.799024,-0.7882401,-2.2737694,-0.4660777,-1.1699466,-0.4862925,-0.9364093,0.7509617,-0.31999215,-0.9985071,-0.04638879,-0.5077436,-0.40207773,-1.0800443,-0.9706119,-1.1404394,-1.0280746,2.1498983
W06000009,-1.2819625,-0.799024,-0.9960981,-1.8400223,-0.4182985,-0.6538914,-0.6079767,-0.8924471,0.8186701,-0.3864494,-0.9847591,-0.41488495,-0.9945829,-0.44863397,-1.0094124,-0.9980883,-0.7735825,-1.320925,1.7532624
W06000010,-0.6514281,-0.799024,-1.0312449,-1.8227359,-0.29832238,-0.80089533,-0.6596196,-0.97897565,0.42305925,-0.45659357,-0.9984845,-0.91259664,-1.1037952,-0.38772327,-0.9960726,-1.0798564,-0.6875872,-1.2855674,1.2913713
W06000011,-0.053845037,-0.799024,-1.034286,-0.52666306,-0.29958996,-1.6932677,-0.51149094,-1.1065384,0.05477472,-0.19199558,-0.9946558,-0.8391418,-1.1252092,-0.35308018,-1.0152626,-0.98534113,-1.0372868,-1.2768652,1.2923371
W06000012,0.34941563,-0.799024,-1.0153748,-0.8700793,-0.17698285,-1.1199172,-0.7085592,-1.0761433,-0.053771116,-0.4381044,-0.9995051,-1.2210855,-1.2535288,-0.18391645,-0.88831836,-1.0715739,-0.2600961,-1.2897086,1.2743676
W06000013,0.9076215,-0.799024,-1.0168369,-0.5755462,-0.22053292,-1.172191,-0.81287056,-1.0926167,-0.16499291,-0.57645607,-0.99988836,-1.2132324,-1.2521181,-0.2797925,-0.8950744,-1.1783941,-0.8773431,-1.297584,1.2797526
W06000014,0.36352825,-0.799024,-1.0052575,-0.75413185,-0.016923672,-0.9833182,-0.7753324,-1.075236,0.028436765,-0.5064058,-0.99938595,-1.0669649,-1.2378918,-0.42994854,-0.9379935,-1.1365371,-0.8757162,-1.2812846,1.3816484
W06000015,-0.15974225,-0.799024,-1.0698223,-0.2886032,0.43330005,-2.2781901,-0.46034685,-0.8994685,-0.8525452,-0.3477184,-0.9394375,-0.56722885,-1.0847402,-0.5606179,-1.0945895,-1.1974517,-1.4692233,-1.247355,1.3115572
W06000016,2.3109052,-0.799024,-1.0338624,-0.58386284,0.068314336,-1.439458,-0.5914938,-1.1051598,-0.37005192,-0.48200518,-0.9912175,-1.2182888,-1.2673128,-0.29075623,-0.9338103,-1.1477575,-0.43805248,-1.2723045,1.3085241
W06000018,1.4410776,-0.799024,-1.0304133,-0.523639,0.11345466,-1.2717566,-0.6902864,-1.1003908,-0.461644,-0.60657245,-0.9966619,-1.2208203,-1.2708819,-0.5005092,-0.9440632,-1.2873764,-0.21578334,-1.2577652,1.2741619
W06000019,1.370605,-0.799024,-0.7581272,-0.53233135,-0.33370277,-1.2974145,-0.7715394,-1.0942057,-0.3009756,-0.32198635,-0.99546283,-1.189193,-1.1653658,-0.09865407,-0.9417784,-1.0264813,-0.29178467,-1.297584,1.3299924
W06000020,0.5702707,-0.799024,-0.91221964,-0.4769017,-0.053514842,-1.2441128,-0.62795156,-1.094681,0.022776907,-0.53927577,-0.99725044,-1.1941944,-1.2624087,-0.3516508,-0.9610491,-1.201301,-0.25927553,-1.2812846,1.3896794
W06000021,-0.12494749,-0.799024,-0.9168139,-1.5815014,-0.46565688,-0.52404606,-1.0568138,-0.9403175,0.7669151,-0.5919573,-0.99638176,-0.77809083,-1.2462535,-0.40624607,-0.9667359,-1.2015734,-0.9470946,-1.2937168,1.5441414
W06000022,0.3819633,-0.7990251,-1.0219923,-0.44763374,1.122201,-1.4715387,-0.619132,-1.0803837,-0.43743682,-0.45598295,-0.98057353,-0.9027865,-1.2385143,-0.59911215,-1.0661491,-1.2165581,-0.47101414,-1.2419327,1.285735
W06000023,-1.0653142,-0.7990251,-1.0055773,-2.5539927,-0.45612684,-0.4289328,-0.73310626,-0.789096,0.97324586,-0.31492662,-0.97380674,-0.25867796,-0.925168,-0.46015856,-0.9925028,-0.92887807,-0.67443454,-1.3289806,1.5844191
W06000024,1.5742348,-0.799024,-0.64611775,-0.6033443,0.28103662,-1.3922569,-0.61442727,-1.1061354,-0.4476512,-0.6109701,-0.98591673,-1.2108973,-1.2719084,-0.38193038,-0.97884136,-1.3133221,-0.31270567,-1.3117129,1.3227106
E06000052,-1.7901028,-0.799024,-1.2508918,-1.3249559,-0.42245007,-0.70432657,-0.6970824,-0.9269881,0.5382608,-0.44372296,-0.9792477,-0.64032924,-1.008656,-0.23071215,-1.0043044,-1.002685,-0.85334927,-1.2812846,1.2957547
E09000012,-0.052930824,-0.799024,-1.0403349,-1.1370615,0.7952481,-2.62125,-0.46954778,0.09841067,-2.3107982,-0.061070994,-0.8513786,-0.83154947,-0.54285836,-0.7286745,-0.8740067,-1.2566086,-0.2727933,-1.247355,1.2740159
E10000003,-1.0185039,-0.799024,-1.3479999,-1.1271625,0.1639414,-1.3402143,-0.7216982,-1.1048589,-0.11239726,-0.61285186,-0.99783474,-0.6909957,-1.2688274,-0.42177442,-0.98207676,-1.2754703,-1.4751728,-1.2577652,1.2845787
E10000015,-1.6851871,-0.799024,-1.9044545,-0.485786,1.1008781,-1.2839111,-0.9023579,-1.0559094,-0.14940457,0.675599,0.5398542,0.45868966,1.8702003,0.44503722,-0.7461429,-1.3661547,-1.4561334,-1.2577652,1.2843933
E06000047,0.6806447,-0.799024,-1.4419972,-0.8996218,-0.32844296,-1.2978226,-0.6770972,-1.0898716,-0.0676227,-0.34409744,-0.9960802,-1.180533,-1.0312468,0.03824953,-0.88402754,-0.9016625,-1.2829221,-1.2675983,1.1689243
