code,mortality_restricted_actual,mortality_restricted_predicted,mortality_general_actual,mortality_general_predicted,population,deaths_general_actual,deaths_general_predicted,deaths_restricted_actual,deaths_restricted_predicted,morbidity_actual,morbidity_predicted,cases_actual,cases_predicted,dPOP,name
E06000001,1.793986988829927,1.6751896000000002,0.4557875007495968,0.13882254,93242.0,-0.27217741099972514,-0.32290557,0.3072074241933553,0.23405786,1.6384523752885387,1.1338701,0.2816999410019665,-0.07916797,991.936170212766,Hartlepool
E06000002,1.6621938577745057,0.3801735,1.0659659624730735,0.6055701,140545.0,0.4959007371484481,0.58712626,0.8346551422577142,0.52254057,1.4116534101597529,1.1410784999999999,0.6961023188079639,0.45693237,2602.685185185185,Middlesbrough
E06000003,1.5349318527706148,1.5553117,0.4415451107754584,-0.07106648,136718.0,0.20550262715345505,0.14594285,0.7474486606489636,0.51366955,0.8369087430380976,0.89390296,0.43872964152673866,0.68057483,558.0326530612244,Redcar and Cleveland
E06000004,1.3896010809434785,0.21633874,-0.03992870534739847,0.57320267,197213.0,0.4293095234325939,0.65093285,1.2042027094296062,0.8214805000000001,1.2746394867783646,0.33778796,1.0529324234284656,0.44923850000000004,962.0146341463415,Stockton-on-Tees
E06000005,3.6325963695210373,2.0595915000000002,-0.6164783141510485,0.13229670000000002,106566.0,-0.7127648082271686,-0.12598169,1.038885637396837,0.26121837,0.7481782131411199,0.4250947,0.10098982800617624,0.072939426,540.9441624365483,Darlington
E06000006,0.3842433531046016,-0.61946917,0.549691145033421,0.80558676,128432.0,0.17452293328460566,0.27884364,0.12329971139028426,-0.18054579999999998,1.0958814194535451,1.344127,0.4699338066021056,0.25011712,1625.7215189873418,Halton
E06000007,2.094038037065125,1.0242628,0.5435093826264836,0.31782788,209547.0,0.7910718232958234,0.88044274,1.5482499385204629,1.3895322,1.3053579091186824,0.19797754,1.1370876891198691,0.5372126,1157.7182320441989,Warrington
E06000008,-1.3631460833344802,-1.530827,1.4517615158242607,1.3356883999999998,148942.0,0.7047168717295933,0.57014376,-1.3908882487415135,-1.319144,3.492826627601348,3.3162384,1.3426144124363064,1.2744833999999998,1087.1678832116788,Blackburn with Darwen
E06000009,0.14570034188625933,0.10044746,1.648410162514326,1.364373,139305.0,0.6839228537780184,0.5536485,0.0949437397322698,0.27285865,1.18824200208861,0.91017085,0.6032038238888556,0.22818832,3980.1428571428573,Blackpool
E06000010,0.933098711386814,0.7241991,0.1535888994069158,0.05215504,260645.0,0.8838964099231991,0.8041576,1.398106774906516,1.2655593,1.4263444848914284,1.2099565,1.4426587630718783,1.212269,3671.056338028169,"Kingston upon Hull, City of"
E06000011,0.8850642946247358,0.8770179,0.15149867730223932,0.24422800000000003,339614.0,1.2176062866839743,1.0178591000000001,1.7470667596550788,1.739366,0.4900855954757328,0.22788346,1.3720262099287597,1.5359898,141.2116424116424,East Riding of Yorkshire
E06000012,0.2960328684777612,0.033111963,-0.6546697087334173,-0.62802047,159821.0,-0.2283022286769356,0.15040739,0.3792013000160411,0.22024721,0.7824436768430407,0.20400605,0.6025420793780734,0.2980281,832.4010416666666,North East Lincolnshire
E06000013,-0.8696342066808256,-0.6811651999999999,-0.18447565892900944,0.046530432999999996,172005.0,0.17452293328460566,0.24743560000000003,-0.459906488019772,-0.26199788,0.4273645530233596,0.14000914,0.5243706022293895,0.30419174,203.31560283687944,North Lincolnshire
E06000014,0.5744315841782265,0.31295595,-0.8388990953068653,-0.9757145,209893.0,-0.029210424476032143,-0.2133893,0.9167588302781129,0.7158720999999999,0.26464171405134324,0.03863728,0.6786274860767443,0.28633818,771.6654411764706,York
E06000015,1.2207933963956514,1.0088508,0.8452307483353706,0.5561714,257174.0,1.1756707024001714,1.1034411,1.5069654075834396,0.81820405,0.6139134147857486,0.096375085,1.0974286822717492,0.9093675999999999,3297.102564102564,Derby
E06000016,-0.31814092172419545,-0.28664038,0.3274570306690616,0.1733449,355218.0,1.3604692365575073,1.3941747,1.082075902310881,0.9627708,2.2562681572439147,1.9545807000000002,2.0772590264115602,1.9898357,4866.0,Leicester
E06000017,0.3115418912234839,0.24897765,-0.8761223641779409,-0.98755145,39697.0,-2.1673274572747974,-2.1897345,-1.5665638390696504,-1.5550991000000003,-0.9154675301426192,-0.6944814,-2.226992435607053,-2.3319283,103.91884816753927,Rutland
E06000018,-0.07396258788961795,-0.19901845,0.18814835272546004,-0.010179175,331069.0,1.2037816579325535,1.1615331,1.1646628311205072,1.2737927,2.3016851685696564,2.1835880000000003,2.005609173654944,1.9717818,4414.253333333333,Nottingham
E06000019,0.1928735310577981,-0.76659876,-1.1635064994698685,-1.1588756000000002,192107.0,-0.4474807226465624,-0.254788,0.5753673689776171,0.25067958,-0.8794912994454608,-0.88527465,-0.29379582253695674,-0.61457866,88.12247706422018,"Herefordshire, County of"
E06000020,-0.8736202990897872,-0.7781268,-0.8778377993755451,-0.89850867,177799.0,-0.27217741099972514,0.26431835,-0.4180056791986676,0.031048492999999996,0.03853441173274266,-0.025205765,0.3508672200341125,0.2668167,613.1,Telford and Wrekin
E06000021,0.021883869348664858,0.40000883,0.3930342727078292,0.35918853,255833.0,0.9759326959170568,1.2147223,0.8680751225062285,0.9382398999999999,1.2688846714842077,1.4793973,1.3631610228040307,1.3650606,2750.8924731182797,Stoke-on-Trent
E06000022,-0.4021132172371732,-0.43220788,-1.5958439599291918,-1.0495763,192106.0,-1.021659540982442,-0.2340484,0.15109414158913942,-0.09203244,-0.3487148044324987,-0.63508886,0.1854089307214402,0.03823566,555.2196531791908,Bath and North East Somerset
E06000023,-0.3202230393544173,-0.5425133000000001,-1.173493768492729,-1.3839178,463405.0,0.6556548407659304,0.8384652,1.4535911872569651,1.4901794,0.8142020515373679,0.8228339,1.8941257258600213,1.8957130000000002,4212.772727272727,"Bristol, City of"
E06000024,-0.3068509671816064,-0.09830955,-0.694749810243171,-0.6044861,213919.0,0.11019003918652062,0.17453016,0.3792013000160411,0.25666097,-0.307025889073798,-0.02203108,0.345139183109607,0.23376492,571.975935828877,North Somerset
E06000025,-0.1333157703278248,-0.38217074,-1.0533119620398073,-0.7325436,282644.0,0.15344009624829572,0.38275479999999995,0.9007178230126315,0.88789904,-0.0789851983348517,-0.57890123,0.8345476554040582,0.2033574,568.7002012072435,South Gloucestershire
E06000026,-0.9776911475660759,-0.45392132,-1.5066247699082636,-1.6552639999999998,263100.0,-0.4821388068088713,0.15763798,0.006267548189809357,0.5492165,-0.6817944973359789,-0.15110727,0.2851540274759921,0.53310895,3288.75,Plymouth
E06000027,-0.2172235866673184,-0.10621852400000001,-1.1477095512659998,-1.3122606,135780.0,-0.8696840822351152,-0.48172176,-0.18989852077176586,-0.21369669,-0.7786404746453434,-0.5617879,-0.6033213892325268,-0.8245364,2155.2380952380954,Torbay
E06000030,-0.02839553290603033,-0.35974705,-0.7272035075709251,-0.6782953,221996.0,0.1319999060236727,0.39358425,0.6351028886417985,0.42196184,-0.4376485497723019,0.29845643,0.29088884116323444,0.55289567,965.2,Swindon
E06000031,-1.0140059911922203,-0.9604238000000002,-0.803034803610038,-0.69699365,201041.0,-0.054013982704404113,0.55048746,-0.4180056791986676,-0.22534554,0.006215619971213947,0.19965318,0.4787721758421316,0.5289696999999999,586.1253644314869,Peterborough
E06000032,-1.5540893019306208,-1.4596459,0.8985388497786335,0.93268484,214109.0,0.9647877697256404,0.94671875,-1.3106622504438934,-1.2867836000000001,0.4941258193477461,0.3837615,0.8202778715334882,0.76196814,4979.279069767442,Luton
E06000033,-0.8350551529382371,0.26863736,0.8547649698338636,0.14979298,182463.0,0.7453066944987594,0.20737861,-0.3377796809010475,0.13370094,-0.6712391733388187,-0.43977267,-0.14427551734542446,-0.12022582,4344.357142857143,Southend-on-Sea
E06000034,-1.4990280315363775,-1.4658245,1.2175812656877572,0.8150718000000001,172525.0,0.8101896825128487,0.35459504,-1.4759793224766617,-1.4183290000000002,-0.29979414026555995,-0.31283608,0.09224570142312426,-0.0866564,1058.435582822086,Thurrock
E06000035,-0.990940681116678,-0.49540200000000006,-0.2560175333707393,-0.018510295,277855.0,0.7386315289296163,0.9586821,0.06600306785399157,0.22067337,0.39526904294268295,0.37805972,1.0837646186073575,1.0485271,1432.2422680412371,Medway
E06000036,-1.4616739457220274,-1.3058028,-0.5787433781644771,-0.72791404,121676.0,-0.5177733023974439,-0.5064285,-1.8797620712317005,-1.5800576000000002,-0.8562021184196885,-0.7374831000000001,-0.8163902438795576,-0.7963126,1116.2935779816514,Bracknell Forest
E06000037,0.5157786752007674,0.42355370000000003,-0.8348892788438447,-1.3891653999999998,158527.0,-0.3808895089307093,-0.5211024000000001,0.4915470720232062,0.38460726,-1.0591645868428097,-1.2984753,-0.7424382204929005,-0.72760516,225.18039772727272,West Berkshire
E06000038,0.752454752346279,0.84328866,-0.06776681863369133,-0.12346117,163203.0,0.17452293328460566,0.056609787,0.654462821214558,0.3260348,-0.4760431390600357,-0.46439403,-0.10903573394307968,0.02602189,4080.075,Reading
E06000039,-1.491731864017651,-1.6351348999999997,0.2302746502493913,0.0431279,149112.0,0.2156628499697772,0.14596553,-1.6634003609150418,-1.3211763,0.3637864740212604,0.5433085,0.3205551490203256,0.31804720000000003,4518.545454545455,Slough
E06000040,0.2264687855265573,0.68566346,-0.41191615598574455,-0.4284251,150906.0,-0.13148355158039796,-0.3160297,0.25707449289731715,0.28382277,-0.5863040368095934,-0.931047,-0.29565963381425736,-0.4684054,766.0203045685279,Windsor and Maidenhead
E06000041,1.2009420261728692,0.7589425,-0.6636781662043048,-0.6380024000000001,167979.0,-0.17207337434956405,0.014910433,0.9007178230126315,0.96710545,-0.8143337728877562,-1.0442449,-0.3846827474285452,-0.51583725,938.4301675977654,Wokingham
E06000042,-0.1730162904595645,-0.4305319,-0.6649688131736265,-0.8071337,268607.0,0.4207336198049577,0.7050163,0.8004199606745677,0.5232015999999999,-0.6435066300668011,-0.60039407,0.34541256751379634,0.2764346,869.2783171521036,Milton Keynes
E06000043,-0.3385582977786007,-0.5404644000000001,-1.2255889847513075,-1.2870708,290395.0,0.007106163844041649,0.04825563,0.7829840487710795,0.7125862,-0.7801183397506104,-0.7390568000000001,0.3076486351873015,0.24503072,3498.734939759036,Brighton and Hove
E06000044,-0.7596619393012267,-0.75559336,-1.1473440254929903,-1.231119,215133.0,-0.2871473009791478,0.022855922999999997,-0.024581448738997345,0.13767157,-0.19122002416266629,-0.58753395,0.4331527628835381,0.42855683,5378.325,Portsmouth
E06000045,-0.7314796643269768,-1.0191602,-0.8395516578773101,-0.9776193000000001,252796.0,0.20550262715345505,0.076176606,0.2313201398867601,0.46422556,-0.6465461672160057,-0.5752685000000001,0.2698229132190588,0.45945169999999996,5055.92,Southampton
E06000046,0.0655954893088315,-0.26461783,-1.3269593905963628,-1.5119559,141538.0,-1.021659540982442,-1.2975756,0.06600306785399157,-0.043259356,-1.3939574714042893,-1.3055362,-1.4353019446422577,-1.3913683000000001,372.4684210526316,Isle of Wight
E06000047,3.0392723191513533,2.9674249,0.6539545421578299,0.6806446999999999,729488.0,2.4163617796041037,2.4558666000000002,3.5850762703315717,3.1910431,1.1365364704609608,0.9306618000000001,2.570634109213272,2.5231334999999997,308.06081081081084,County Durham
E06000049,1.7976276453778903,1.456084,0.737473561069938,0.68764764,380790.0,1.6287370657465006,1.3905505,2.2834200231264568,2.1900663,0.03853734402357058,0.14824589,1.2650062694208135,1.3599417,326.57804459691255,Cheshire East
E06000050,0.4670242872324037,0.5509447,0.9490170335819328,0.5115287000000001,340502.0,1.5711528367481995,1.2045238,1.5380420909201509,1.4499766,0.2566769634334693,0.51400405,1.25505479348967,1.242364,371.3217011995638,Cheshire West and Chester
E06000051,0.4301193642362572,-0.04288294,-0.4755224363849293,-0.71222967,320274.0,0.7781641506845327,0.33367524,1.4316599151435982,1.4610645,-0.4508805365955874,-0.14111847,0.7203474297117929,0.42859718,100.17954332186424,Shropshire
E06000052,-1.2832908063176556,-1.0209742,-1.5147262428162476,-1.7901028,568210.0,0.4795786921071699,0.8900691999999999,0.6351028886417985,0.80877185,-1.4114741848771035,-1.1784489,0.19536219197579785,0.59969723,159.5199326221224,Cornwall and Isles of Scilly
E06000054,0.780735003573405,0.744646,-1.1996696551826196,-1.0631118,498064.0,0.718392042107837,0.23301458,2.2343819225087453,2.1197996,-1.0780339796933445,-1.0354719000000001,0.6062871501898145,0.07824725,153.01505376344085,Wiltshire
E06000055,-0.9039230957876966,0.43149382,0.8599228723937773,-0.20789443,171623.0,0.6698678098451858,0.026436247000000003,-0.5030967529338161,-0.13616681,-0.2882445018551944,-0.09553053,0.09426923810032092,0.09120614,360.55252100840335,Bedford
E06000056,-0.6773243285531305,-0.98567694,0.3089576725297295,-0.05291786,283606.0,1.0668978644658191,0.6623495,0.4476818502034184,0.6502733,-0.8246044384310829,-1.0019152,0.2331698600291411,0.47832772,396.0977653631285,Central Bedfordshire
E06000057,0.8861463419933147,0.63194555,0.06234168024519982,-0.036055237000000004,320274.0,1.0975027671857958,1.4013554,1.6652821017209372,1.7145681000000002,0.3061503988631073,0.0067953453,1.2080245180617384,1.0325625,63.87594734742721,Northumberland
E06000058,-0.35513679345871885,-0.6397755999999999,-1.073789508237074,-1.1585093000000002,395784.0,0.5591609655558658,0.7449099,1.2042027094296062,1.1568669,-0.4351657579624295,-0.37840414,0.9868645148031914,0.81225705,2458.285714285714,"Bournemouth, Christchurch and Poole"
E06000059,-0.4855775903867027,-0.46068996,-1.4660056356791145,-1.6140704,376484.0,0.030750608145510745,0.098333895,1.0241884051104442,1.1096095,-1.2358060608046604,-1.2867823,0.0341556130906228,0.14749236,151.13769570453633,Dorset
E06000060,-0.006730065998808262,0.08486509,-0.7137087991612916,-0.8814559999999999,540059.0,1.2670418863399713,0.7697064,1.8975936752491176,1.722616,-0.7183570433724222,-0.8082208000000001,1.1135363602096129,0.5513528,345.0856230031949,Buckinghamshire
E07000026,-0.9159307381204796,0.0055871685,0.11178932105225188,-0.07862697,97527.0,-0.3808895089307093,-0.44801572,-1.3106622504438934,-0.5729635000000001,-0.7156611993383901,-0.5119313,-0.938225369792821,-0.7212879,78.52415458937197,Allerdale
E07000027,0.9387786402089088,0.7949328,2.141806336213369,1.9379133000000002,67137.0,-0.0921557951494232,-0.46388322,-0.5030967529338161,-0.47165707,0.5012474547171792,0.38465074,-0.5682868174906046,-0.57715875,860.7307692307693,Barrow-in-Furness
E07000028,1.251561935273678,1.3529403,0.6031909711148791,0.3522866,108387.0,-0.016988677805933966,0.053984307,0.3072074241933553,0.21325038,0.07128288809636292,0.06234648,-0.2237154412105281,-0.22541526,104.31857555341675,Carlisle
E07000029,0.3250126323751056,0.13439897,0.3939376908539949,0.28974527,68424.0,-0.6918562174808119,-0.5234395000000001,-0.7945337296816892,-0.7587444000000001,-0.5393091098526832,-0.52078724,-1.2046702549712598,-0.79058146,93.47540983606558,Copeland
E07000030,-0.6469360425942935,-0.59878254,0.2692531093437304,-0.026731427999999998,52881.0,-1.076665639351944,-1.2110348,-1.8797620712317005,-1.8460355,-0.5207457100738259,-0.5878275,-1.4983922057139278,-1.6704417,24.68767507002801,Eden
E07000031,2.528938729679608,2.4013095,0.8591819619004809,0.71613276,104532.0,0.042409132516834716,-0.09332654,0.7109901729483937,0.8387674,-0.2655281182513401,-0.17568152,-0.4846560385669065,-0.63796514,68.14341590612777,South Lakeland
E07000032,-0.1329380041969543,0.2331572,0.2255718173578904,0.20826454,126678.0,0.007106163844041649,-0.15083229999999997,-0.2254339088938823,0.16071086,0.3956572597908639,0.27525416,0.14119009784785752,-0.113496736,478.03018867924527,Amber Valley
E07000033,0.7066688784400025,1.0435218000000002,-0.10506008433991942,0.29010349999999996,79530.0,-0.7556482688684909,-0.6993195,-0.377319559210146,-0.6006625,0.7215841269850609,0.56860346,-0.2620924287878957,-0.37029976,497.0625,Bolsover
E07000034,0.2790726649734369,0.5006811999999999,-0.4667945813801359,-0.1857384,104628.0,-0.631127390638478,-0.45389238,-0.2254339088938823,0.0722909,0.21980133841458468,0.028359517,-0.1814289567406271,-0.3471552,1585.2727272727273,Chesterfield
E07000035,1.5292738196342754,1.501328,0.13035212480246278,-0.10227677,71977.0,-0.7556482688684909,-0.92775095,-0.15524063993577902,-0.14911856,-0.5120684626589198,-0.48443339999999996,-1.1211294723307277,-1.3628803,90.8800505050505,Derbyshire Dales
E07000036,1.2661097084995845,1.1165117,0.4749273288579999,-0.067818865,115490.0,0.007106163844041649,-0.24134327,0.4024013796038321,0.49833223,0.16612935001762286,0.20677398,-0.09278046879928924,0.11028156,1049.909090909091,Erewash
E07000037,2.043538800982327,0.16741088,1.3874508265192973,0.43048993,92221.0,0.07675353014562758,-0.431997,0.3792013000160411,0.10196901,0.18108668293603453,-0.18100877,-0.35443204592029953,-0.64800066,171.09647495361781,High Peak
E07000038,2.7472810849430647,2.348976,0.5413812425199891,0.39561823,101125.0,-0.13148355158039796,-0.25266987,0.7293377918397329,-0.1318334,0.4188972954562604,0.06936964,-0.11744764177424545,-0.34319508,366.3949275362319,North East Derbyshire
E07000039,0.2821307364866249,-0.43922725,0.7131855093979956,0.23314571,104493.0,-0.016988677805933966,-0.3314646,-0.2254339088938823,-0.4441340999999999,0.4794897140706704,-0.06392825,-0.04794778471711298,-0.53777903,309.1508875739645,South Derbyshire
E07000040,-0.8119008790529992,-0.70986074,-1.730302290399897,-1.8346586999999999,144317.0,-1.6324385149476477,-1.2405329,-0.6412645673180214,-0.39778498,-1.0016271820955998,-0.8760979999999999,-0.7809389303468468,-0.97081083,177.2936117936118,East Devon
E07000041,-1.0655143871903312,-1.2133204,-1.7116478423736434,-1.9011723999999999,130428.0,-1.722829884012804,-1.6696414000000002,-1.0943005401272343,-1.1360042,-0.2449885552084965,-0.22433892,-0.20454518045730866,-0.24698885,2775.063829787234,Exeter
E07000043,-1.361153399615629,-1.3204943,-1.6763064552056584,-1.7782008999999999,96110.0,-2.040727793137462,-1.7474266,-2.001888878350425,-1.8387498,-1.153532213133298,-1.2348667,-1.4757444730366938,-1.7056677,88.49907918968692,North Devon
E07000045,-1.3709186334866947,-1.0180025,-1.630604899327093,-1.8645014,132844.0,-1.5480778650048597,-1.1758518,-1.5665638390696504,-1.049854,-1.3434876418814081,-0.894859,-1.4090779890797356,-1.1312838,197.0979228486647,Teignbridge
E07000061,0.3127560545882206,0.21703237,-1.0662197552346857,-1.4103185,103160.0,-1.1341728575475107,-1.4836336,-0.2254339088938823,-0.14574523,-0.9461924335720464,-1.0749283,-1.1165004877219291,-1.4201491000000002,2344.5454545454545,Eastbourne
E07000063,1.4349772620794858,1.0500828000000002,-0.2825918188917472,-0.39247283,102744.0,-0.5359742054743394,-0.99937737,0.3072074241933553,-0.072960965,-1.1570398935688515,-0.9763755999999999,-1.4008527395158892,-1.062329,351.86301369863014,Lewes
E07000064,-0.09638252022694614,-0.40661308,-1.0942657432938654,-1.3001862,95656.0,-1.2576797550098666,-1.2323903,-0.5936812695268043,-0.55618834,-1.0999829112136832,-1.015677,-1.4043709468850047,-1.6241184,187.92927308447938,Rother
E07000065,0.2511189732431468,0.6191114999999999,-0.7928472142598645,-1.0590757,160175.0,-0.3331502229792646,-0.87165344,0.35561128491846544,0.7272276999999999,-1.0130902459351665,-0.9753765999999999,-0.670228169327004,-0.78920376,192.28691476590637,Wealden
E07000066,-0.9946315479626958,-0.2897467,1.4085603313927064,0.530169,185862.0,0.9703725070088366,0.6718598000000001,-0.5030967529338161,-0.09289760000000001,0.055866649306551205,0.08838695,0.4144598030711177,0.30484120000000003,1689.6545454545455,Basildon
E07000067,-0.7471954404952881,-1.0152867,-0.21732134076349616,-0.8958391,151561.0,-0.004883887443063131,-0.2784415,-0.5030967529338161,-0.23664995,-1.0070704840014777,-0.8953744,-0.7289818663130421,-0.29702723,247.6486928104575,Braintree
E07000068,-0.8436273256765551,-0.07295346,1.6700306740920468,0.65370846,76550.0,-0.06660056356630749,-0.43641847,-1.5665638390696504,-1.1443368999999999,-0.08584378757946637,-0.4646018,-0.7377113173094108,-1.0670865,500.3267973856209,Brentwood
E07000069,-1.3124156730437455,-1.1204823999999998,1.0668359112710657,0.8007241,90070.0,-0.06660056356630749,-0.24225552,-2.001888878350425,-1.9205011000000003,-0.4711491855862601,-0.8497655000000001,-0.8185509901361735,-0.7945283000000001,2001.5555555555557,Castle Point
E07000070,-0.9762646297339248,-0.52064264,-0.03802280287682834,0.068560325,177079.0,0.2941339556676229,0.08295491,-0.5476583641791758,0.0025454857,-0.7449060653696847,-0.65046084,-0.25080926409355325,-0.060633785999999995,522.3569321533923,Chelmsford
E07000071,-0.6036679712080955,-0.46516392,-0.6228133957665891,-1.0081007,192523.0,0.030750608145510745,-0.30695307,-0.024581448738997345,-0.20462245,-0.9391867525379178,0.09321897,-0.35933922455171924,0.14910941,585.1762917933131,Colchester
E07000072,0.042705891148552964,-0.30592898,1.2640067096071117,0.69897074,131137.0,0.4795786921071699,0.059348658,-0.0561237392647336,-0.28983942,-0.210626590911513,-0.5475751999999999,-0.17424281033681208,-0.118110664,386.834808259587,Epping Forest
E07000075,-1.1388615119352363,-0.6761712,0.7991020801137874,0.5671752,86981.0,-0.21400895863336808,-0.3630509,-1.7674162992245352,-2.018914,-0.8287557745066171,-0.88776904,-1.1898455187058068,-1.1969615,514.6804733727811,Rochford
E07000076,0.046153610212340726,-0.11838899,1.006128133687929,0.6595048000000001,145803.0,0.5199955787984237,0.015712876,0.0949437397322698,-0.007789149,-0.9903991443054142,-0.8474696,-0.7546792874865067,-0.53353465,431.3698224852071,Tendring
E07000077,-0.8062193107093574,-0.56803787,-0.7272238625085844,-1.0733569,89179.0,-1.021659540982442,-1.1956723999999999,-1.3106622504438934,-1.5833541000000002,-0.8620894692266137,-0.9883023999999999,-1.195753459532795,-1.1846243,139.1248049921997,Uttlesford
E07000078,2.7930380161193744,2.535925,-0.8246896818137464,-0.7274371000000001,117090.0,-0.7556482688684909,-0.8229601000000001,0.9483011208038488,0.6793193000000001,-0.8184317101877367,-0.7196560000000001,-0.8221609002899953,-0.8965976000000001,2491.276595744681,Cheltenham
E07000079,0.26602764098051684,-0.09567951,-0.7934743465757339,-0.9158526,89022.0,-1.076665639351944,-1.1665572,-0.459906488019772,-0.46737072,-1.0521046068498023,-0.9471951,-1.4256995396579673,-1.4302205,76.4137339055794,Cotswold
E07000081,1.74322226642942,-0.22885366,-0.3259957573006235,-0.6580745,129285.0,-0.27217741099972514,-0.05919779,0.7474486606489636,-0.40315738,-0.4374284696666748,-0.13792099,-0.35786496329607737,-0.30862164,3153.2926829268295,Gloucester
E07000082,0.2062851776775552,0.26056060000000003,-0.5650821253499566,-0.6975938,119019.0,-0.5359742054743394,-0.73503774,-0.0883912030736881,-0.032918897,-0.9378610235926254,-0.8770588,-0.935043673505922,-0.8091174,258.175704989154,Stroud
E07000083,1.8895197331524072,0.8296427,-0.5213408511085553,-0.7750882,92599.0,-0.8228290612200083,-0.9461449000000001,0.331618002224824,-0.08898952,-1.011490291805504,-0.7052794,-1.3259518663713254,-0.843576,223.66908212560386,Tewkesbury
E07000084,-0.6786358261643514,-0.31375942,-0.5804343779513386,-0.7020265,175729.0,-0.054013982704404113,-0.00015654252,-0.2254339088938823,-0.0332361,-0.7662942614328789,-0.7928276999999999,-0.2812902322855976,-0.10890567,277.17507886435334,Basingstoke and Deane
E07000085,0.17468942823401667,0.8524218000000001,-1.1504190449026943,-1.1341963,120681.0,-1.021659540982442,-0.7515521,-0.0883912030736881,0.44243848,-0.8978530502283678,-0.84649175,-0.8723650244815291,-0.70060885,234.78793774319067,East Hampshire
E07000086,0.3688955039168352,-0.38112682,-0.9949485199413832,-0.5082719,131819.0,-0.7556482688684909,-0.19897798,0.15109414158913942,-0.52198195,-0.9027022412718654,-0.27858886,-0.7718905692143065,-0.26059133,1647.7375,Eastleigh
E07000087,-0.0137807385638134,0.176118,-0.4182356806634577,-0.5914938,116339.0,-0.4646910689462,-0.3392591,-0.26189239659445224,-0.31574777,-0.9329946551256648,-0.20558164,-0.9566856247308144,-0.49608782,1572.1486486486488,Fareham
E07000088,-0.0030680087599487555,-0.06667677,-1.0499292536025409,-1.4442431999999998,85283.0,-1.358929052888029,-0.9697030999999999,-0.690517791372196,-1.1438571000000002,-0.8685883323600467,-0.9723898000000001,-1.2564895633866018,-1.1026207000000001,3411.32,Gosport
E07000089,-1.098749892398907,-0.51720667,-1.1664536719858989,-1.4970987,96293.0,-1.3242709687257204,-1.2864053,-1.5665638390696504,-1.4772497,-1.0805676841788168,-1.2577566,-1.3696444875415477,-1.2877393,447.87441860465117,Hart
E07000090,0.031922117784984376,-0.07847573,-0.1968329792860055,-0.46865249999999997,125813.0,-0.2283022286769356,-0.39735425,-0.12141797058438852,-0.992144,-0.733009794570317,-0.9709152,-0.6493859148906037,-0.53232783,2287.509090909091,Havant
E07000091,0.5262642517079426,0.14880982,-1.0307292020221606,-1.0642498,179753.0,-0.3972115539719875,-0.51554036,0.6735593451615204,0.7190880999999999,-1.0813746592446951,-0.8928607,-0.6215356116060133,-0.6332585000000001,238.71580345285525,New Forest
E07000092,0.7153045576081376,0.6426175999999999,-0.8611653967271251,-1.1368307,95142.0,-1.0488636204287214,-0.8900738000000001,-0.12141797058438852,-0.1783014,-0.5768448937454002,-0.82717335,-0.8411094721641511,-0.6111793000000001,2439.5384615384614,Rushmoor
E07000093,1.5648085996327523,0.6561697,-0.8247362771676008,-0.9882136,125169.0,-0.6712876189257023,-0.6994315999999999,0.6351028886417985,0.33774540000000003,-0.9507898813723422,-0.85024035,-0.8898324425775349,-0.75018144,199.31369426751593,Test Valley
E07000094,0.9774208087345392,0.9147347,-0.7150272572190342,-0.6264871999999999,124295.0,-0.5922030598017121,-0.7687965999999999,0.3792013000160411,0.51749784,-0.7938838770730536,-1.0344296999999998,-0.7249742024182003,-0.9272665000000001,188.04084720121028,Winchester
E07000095,-0.7114069420890109,-0.6454936,-0.1574585597238433,-0.34559914,96876.0,-0.5359742054743394,-0.35501462,-1.0943005401272343,-1.1575149,-0.1955903309202521,-0.32157493,-0.5274389313550027,-0.58415496,1899.5294117647059,Broxbourne
E07000096,-0.9766242117856426,-0.48581138,-0.055492899743180425,-0.13818924,154280.0,0.11019003918652062,-0.017151726000000003,-0.7415624296560859,-0.33070743,-0.8070669914285546,-0.6571529,-0.4792100481833328,-0.16687693,727.7358490566038,Dacorum
E07000098,0.7761936685672185,-0.45091122,2.31573201857596,1.6226301,104205.0,0.5120148523889925,-0.40180555,0.03645307412613987,-0.21625955,-0.3762344241541404,-0.33043954,-0.5694578363360774,-0.54854053,1031.7326732673268,Hertsmere
E07000099,0.009485981783070743,-0.29511657,-0.9629386840623364,-1.0287282,133214.0,-0.7127648082271686,-0.30907196,-0.0561237392647336,-0.17059332,-0.9597718830615528,-0.7756562,-0.8257817000836972,-0.3535808,355.2373333333333,North Hertfordshire
E07000102,-0.5864817541729671,-0.43107367,0.3625424090884999,0.43839785,93045.0,-0.31762928052329165,-0.48839256,-1.0290063088075792,-1.1128045,-0.548244628983259,-0.5677384,-0.8433152202055471,-0.7384659,1045.4494382022472,Three Rivers
E07000103,-0.05362483898039086,0.014187228,1.2119429635881962,1.0234202,96767.0,0.07675353014562758,-0.08664887,-0.5476583641791758,-0.4006107,-0.11030439347492199,-0.22622465,-0.4721670016253922,-0.8011693,4607.952380952381,Watford
E07000105,1.69422178547423,0.72447515,0.1975397216116242,-0.42400515,129281.0,0.0189836308277548,-0.19845799,0.7293377918397329,-0.22307912,-0.246596335080822,-0.7317851,-0.216272411063141,-0.39762179999999997,222.5146299483649,Ashford
E07000106,-0.31278710960957234,-0.2535444,-0.4603560164688692,-0.4965089,164553.0,-0.054013982704404113,-0.26132193,0.006267548189809357,0.23687296,-0.326091082905921,-0.22194974,0.016309696760819756,-0.03157694,532.5339805825242,Canterbury
E07000107,-0.4093700622577745,-0.79788864,0.6797799908248594,0.5412191,109709.0,0.030750608145510745,-0.08924349999999999,-0.6412645673180214,-0.86237645,0.11511965712212174,-0.47931772,-0.18355074308315136,-0.62601507,1502.86301369863,Dartford
E07000108,0.0836261784482224,-0.32501417,0.3866300425055126,0.27733959999999996,116969.0,-0.016988677805933966,-0.008495355999999999,-0.18989852077176586,-0.17548853,-0.08610699857155663,0.10492864,-0.22899727249005905,-0.40199813,371.33015873015876,Dover
E07000109,-1.1328973512030802,-0.7380121000000001,0.8322271608587409,0.7209015000000001,106385.0,0.05396118485914907,-0.019639855,-1.4759793224766617,-1.2665809,0.2989466222558729,-0.060427405,-0.11865416982497905,-0.1759424,1074.5959595959596,Gravesham
E07000110,-0.5560289641208077,0.51430494,-0.8642636323021591,-0.5986779999999999,169955.0,-0.31762928052329165,-0.019259438,-0.15524063993577902,0.13808271,-0.18076643542084894,-0.48036617,0.1572843886077485,-0.29733372,432.45547073791346,Maidstone
E07000111,0.1291983805901694,0.36151624,-0.32824865492312405,-0.584638,120293.0,-0.3647753936901649,-0.53221756,-0.12141797058438852,-0.3169255,-0.7972639075417071,-1.0089083,-0.7677372978682682,-0.89659095,325.99728997289975,Sevenoaks
E07000112,0.5631732441510446,-0.09837861,0.7119052236513452,0.43191302,112578.0,0.07675353014562758,-0.18251343,0.03645307412613987,-0.0034845213,-0.4132076567884941,-0.8381315999999999,-0.5050238220344194,-0.8029476999999999,315.34453781512605,Folkestone and Hythe
E07000113,-0.3349252559853212,0.0029602502000000003,0.4062676645506232,0.21483292,148519.0,0.2941339556676229,0.14826556,-0.15524063993577902,0.08881768599999999,0.9803726165742728,0.30889285,0.5981211011888724,-0.11209372,397.1096256684492,Swale
E07000114,0.7329756947454911,0.579612,0.2761219467661216,-0.05858615,141819.0,0.17452293328460566,0.21686279999999997,0.4476818502034184,0.047110938,0.6987547521664436,0.4863778,0.4219206635352064,-0.055625428,1376.883495145631,Thanet
E07000115,-0.43359732744228857,-0.07095652,-1.1463458012631709,-1.278461,130508.0,-0.9183416556605856,-0.32137020000000005,-0.4180056791986676,0.0055719409999999995,-0.6079650356137682,-0.80356663,-0.4890306920523888,-0.61944854,543.7833333333333,Tonbridge and Malling
E07000116,0.7091510897972929,0.00014738587,-1.3843306672266658,-0.93005276,118054.0,-1.3242709687257204,-0.59505665,0.1783488398611567,0.34958829999999996,-0.9137924926518122,-0.77200973,-0.91691080511201,-0.63792545,356.65861027190334,Tunbridge Wells
E07000117,0.422652478225336,0.16566736,1.1958593264470077,1.1376313999999998,88527.0,-0.0415514095814289,-0.12672639,-0.377319559210146,-0.03262793,2.457507307400919,2.3997574,0.4654900960586149,0.26206192,797.5405405405405,Burnley
E07000118,-0.5115606632364746,0.08942765,0.9957331324911284,0.63755405,116821.0,0.23574169917118426,-0.022706842,-0.6412645673180214,0.071165256,0.7614941179714935,0.8555611999999999,0.21715562783290826,-0.054704197,575.4729064039409,Chorley
E07000119,1.2555015736990394,1.357002,1.199319756894826,0.9492828999999999,79770.0,-0.17207337434956405,-0.12858674,-0.12141797058438852,-0.06494562,0.6175192411463385,0.5773146,-0.3059626517650623,-0.5890145,480.5421686746988,Fylde
E07000120,-0.04495493332268122,0.09466341,0.9250605630449784,0.9534041,80815.0,-0.25738261146835395,-0.32712220000000003,-0.7945337296816892,-0.69975626,1.9964806840526568,1.6607677,0.22382900182637508,-0.07778074,1107.054794520548,Hyndburn
E07000121,-0.5911573010314058,-0.6116666999999999,-0.4717841837723479,-0.26240749999999996,144246.0,-0.2283022286769356,-0.06467232,-0.4180056791986676,-0.094016485,0.4478045182105205,0.6572745,0.3233426426591216,0.32121915,250.42708333333334,Lancaster
E07000122,-0.28165139248240223,-0.03471207,1.8919578192819293,1.7983308,91405.0,0.22574211397523425,0.20835444,-0.7945337296816892,-0.8142779,2.484164900388637,2.5137245999999998,0.5111101642635433,0.3387332,540.8579881656805,Pendle
E07000123,-0.3416475490869765,-0.3944732,1.1437710588035963,1.1878498,141818.0,0.5358075464345414,0.41305396,-0.2254339088938823,0.011175326000000001,2.3038318195197123,2.0147324,0.9886252988004192,0.9357509,998.7183098591549,Preston
E07000124,-0.3961749325688365,-0.4195674,0.16135532383852685,0.007348261,60057.0,-0.9689460412285812,-0.86693543,-1.4759793224766617,-1.2709105,0.8787749248568102,0.46372187,-0.530837595885506,-1.2961288999999998,103.01372212692968,Ribble Valley
E07000125,-0.6548021763766986,-0.32349735,0.7756448591867201,0.91613185,70895.0,-0.4821388068088713,-0.65354925,-1.4759793224766617,-1.184742,1.9726842639845557,1.2133713,0.059396374953121216,-0.40170634,513.731884057971,Rossendale
E07000126,-0.9388739383552088,0.09962764,0.5460420859322457,0.17826872,110527.0,-0.016988677805933966,-0.01917556,-1.162781090314612,-0.64015543,0.8224610664186136,0.32806727,0.17726068800476272,0.19535278,978.1150442477876,South Ribble
E07000127,0.6984599744621309,0.41759047,1.3769740523820748,0.48163770000000006,113949.0,0.340816040604818,-0.079060726,0.12329971139028426,-0.19101149,1.4023795356807902,-0.25432938,0.44100364452090574,-0.511379,328.38328530259366,West Lancashire
E07000128,0.31000153360167354,0.06225988,2.1044020654932893,1.6799738000000002,111223.0,0.5358075464345414,0.06740902,-0.12141797058438852,-0.09728485,0.5622648807943746,-0.20579702,0.06700414253425299,-0.7945691999999999,394.4078014184397,Wyre
E07000129,-0.31735319033412324,0.18490264,0.04088871446399176,0.08157247,100421.0,-0.3808895089307093,-0.10286227,-0.690517791372196,-0.868252,0.7341731297967197,-0.23229395,0.023479934459909525,-0.53500944,772.4692307692308,Blaby
E07000130,-0.5233767267528108,0.23627599,-0.4620967211754749,-0.52388823,182643.0,0.07675353014562758,-0.18571979,-0.024581448738997345,0.3518071,0.9347801038328832,0.24904679999999998,0.8276168991143885,0.007609479000000001,654.6344086021505,Charnwood
E07000131,0.1088917744660196,-0.12453185,-0.6523893337188994,-0.71506315,92499.0,-0.9183416556605856,-0.74163383,-0.5030967529338161,-0.63674396,-0.06237410330986268,-0.35208622,-0.4956227134987325,-1.034456,156.2483108108108,Harborough
E07000132,0.5103439042878495,0.71392965,-0.24155250934331174,-0.36286673,112423.0,-0.3972115539719875,-0.46123952,0.006267548189809357,0.0052963067,-0.0712286350198558,0.010038165,-0.26709082194168304,-0.08800905,378.5286195286195,Hinckley and Bosworth
E07000133,1.0187872186599105,1.3126105,-0.9638777173816332,-1.1487353,51100.0,-1.9256538665078788,-1.9195966,-0.8495828581525617,-0.93223166,0.004249286050496225,-0.13765492,-1.1665003246900083,-1.3345072,106.23700623700624,Melton
E07000134,-0.9687094893912924,-0.59253854,-0.0592433865398893,0.28075100000000003,102126.0,-0.4137469651164826,-0.41928726,-1.3106622504438934,-0.5447581,-0.018004440681865283,0.03237734,-0.349057220559892,-0.35939088,366.0430107526882,North West Leicestershire
E07000135,0.2492922240873669,0.21409160000000002,0.5629363460709046,0.4084419,57056.0,-0.8460396379336467,-0.80818164,-1.0943005401272343,-1.0392298,1.7641758679399024,1.4564983999999999,-0.26663556146916445,-0.31471956,2377.3333333333335,Oadby and Wigston
E07000136,-0.8978491408834477,-0.24433525,-0.2198090133209276,-0.11910978,69366.0,-0.9950282217632528,-0.63036895,-1.7674162992245352,-1.1669888000000002,0.7776963158845559,0.33971035,-0.4013713285943668,-0.6565671,190.04383561643834,Boston
E07000137,-0.5990009515176146,-0.6116579000000001,-0.009769818601200716,-0.17310974,140741.0,0.0189836308277548,-0.012631786,-0.459906488019772,-0.25913432,0.21685924209118276,0.3364611,0.17285015309465915,0.06712902,79.7399433427762,East Lindsey
E07000138,-1.0620589671692868,-1.1770103,-1.385585386581691,-1.6258303,99039.0,-1.5480778650048597,-1.5567213,-1.4759793224766617,-1.3143476,0.8645645434481588,0.9806395,0.06355204288290958,-0.086620696,2751.0833333333335,Lincoln
E07000139,-0.4454485696605285,-0.5758435000000001,-1.154957265026636,-1.1507551999999999,115985.0,-1.076665639351944,-0.5608486,-0.5936812695268043,-0.58282506,-0.2661761018167109,-0.20197727,-0.3603230723292675,-0.31218192,125.79718004338395,North Kesteven
E07000140,-0.7365581279484693,-0.998099,-0.15540698966608832,-0.5176499,93980.0,-0.5731810330738354,-1.0061767,-1.162781090314612,-1.1905643,-0.2792694059547738,-0.29826373,-0.6221475383189382,-1.0496919,125.1398135818908,South Holland
E07000141,-0.7897359131566223,-0.83460253,-0.8955194383847368,-1.2558326000000002,141853.0,-0.5731810330738354,-0.5652446,-0.6412645673180214,-0.53451586,-0.437192724178298,-0.97248363,-0.24632552999880045,-0.072799146,150.42735949098622,South Kesteven
E07000142,-1.1508379860924396,-1.3518164,-1.148711822048826,-1.2483202,94869.0,-1.3242709687257204,-1.1388753999999999,-1.6634003609150418,-1.5276014999999998,-0.2780374330442721,-0.406544,-0.6099678881868126,-0.60224146,82.0666089965398,West Lindsey
E07000143,-0.3104513983237302,-0.84244865,-1.0458251936275214,-1.2700971,139329.0,-0.7340248202676078,-0.79878294,-0.2254339088938823,-0.35061777,-0.9574407098074118,-1.0241101000000001,-0.7691201254652327,-0.96820575,106.76551724137931,Breckland
E07000144,-0.5183558330204922,0.27721468,-1.136652075089524,-1.3446326000000002,129464.0,-0.9183416556605856,-0.61445856,-0.5030967529338161,-0.5589553,-0.9899127925700724,-0.7834623000000001,-0.8967373181183759,-0.69538105,234.53623188405797,Broadland
E07000145,-1.3849969432874412,-0.2014204,-0.6148817771140261,-0.5303897,99370.0,-0.8000367159335287,-0.595923,-2.001888878350425,-1.506569,-0.5432738008775323,-0.41656190000000004,-0.7601600925410771,-0.37866193,571.0919540229885,Great Yarmouth
E07000146,-0.9167207723404731,-0.7236246000000001,0.1844284560665308,-0.31615406,151811.0,0.2156628499697772,-0.39807886,-0.690517791372196,-0.26590207,-0.7856423612539184,-0.9990421999999999,-0.4764962911571004,-0.6885958000000001,105.49756775538569,King's Lynn and West Norfolk
E07000147,-1.3591008225041592,-1.3533623,-0.965602739993588,-1.1380781999999998,104552.0,-1.021659540982442,-1.0946606,-1.8797620712317005,-1.7741174,-1.4060846986259945,-1.3227575,-1.8247926730143151,-1.8759662,108.68191268191268,North Norfolk
E07000148,-1.5930212959073482,-1.7657485000000002,-1.956124474147681,-2.0659473000000004,141137.0,-2.235719298967186,-2.2804263,-2.001888878350425,-1.9166807000000001,-0.8829195041190026,-0.8556298000000001,-0.6676824754323405,-0.64247674,3618.897435897436,Norwich
E07000149,-0.4315842949995682,-0.18932809,-1.7466626002317551,-1.7767683,138017.0,-1.722829884012804,-0.95399356,-0.3377796809010475,-0.11673615,-1.0109729588645842,-1.299941,-0.8462625371472268,-0.78342146,152.0011013215859,South Norfolk
E07000151,-0.8101545504130183,-0.4184667,0.3823775508042723,-0.050846018,84484.0,-0.430501394691084,-0.6780307,-1.3908882487415135,-1.090641,-0.6559912321406531,-0.35225314,-1.054379162454821,-0.8556315000000001,127.42684766214178,Daventry
E07000152,0.21122139823986366,0.25269988,0.3049284268424694,-0.27096164,93906.0,-0.3331502229792646,-0.7740967,-0.4180056791986676,-0.1274038,-0.4616308172249962,-0.5366005,-0.760846956205833,-0.91909623,184.12941176470588,East Northamptonshire
E07000153,-0.4575429851698729,-0.1880516,0.2335891464858956,-0.16955955,101266.0,-0.27217741099972514,-0.5184979000000001,-0.7945337296816892,-0.6597654000000001,-0.3803813694525446,0.1853902,-0.6069421890262287,-0.3157192,434.61802575107293,Kettering
E07000154,-0.17002894744600774,-0.07909227,0.903321355831878,0.682588,225146.0,1.030230342327453,0.80654335,0.5548768903441784,0.45681170000000004,0.2072896920566485,0.078654364,0.7314963697788024,0.6407214,2779.58024691358,Northampton
E07000155,-1.1269938055460191,-0.7527449,-0.4864317289397293,-0.9642246999999999,92515.0,-0.8000367159335287,-0.91874856,-1.6634003609150418,-1.4555242,-0.5767429899953886,-0.81547815,-0.87462901928304,-0.7748037,145.92271293375396,South Northamptonshire
E07000156,-0.8894683791785577,-0.15184917,0.2447464563106301,0.012222866,79478.0,-0.5731810330738354,-0.99466395,-1.5665638390696504,-1.3991728,-0.44599807453838014,0.6291773,-0.9486245183984048,-0.48468938,487.5950920245399,Wellingborough
E07000163,1.8228022596731663,1.4164863,0.30377679031683386,0.13042301,56832.0,-0.9689460412285812,-0.99431974,-0.377319559210146,-0.525258,0.0074169262489237105,-0.15545789999999998,-1.0369580406516168,-1.0644625,48.285471537807986,Craven
E07000164,0.4901924764037576,0.12178634,-0.3907076498720752,-0.7133682,91134.0,-0.7556482688684909,-0.636793,-0.29932322438132625,-0.43574372,-0.38771714682318265,-0.57465893,-0.7390599626438864,-0.7040204999999999,69.51487414187643,Hambleton
E07000165,2.5401913418256976,1.3081396,-0.2981030731470857,-0.6763895999999999,160533.0,0.0189836308277548,-0.37102753,1.3165484814367712,1.2428763999999999,-0.08279852229512116,-0.58483493,0.15312058860078334,0.14975539,122.73165137614679,Harrogate
E07000166,1.0129523267245966,1.0082110999999998,-0.6152096906676743,-0.61520535,53244.0,-1.5895550543063257,-1.6229982,-0.7945337296816892,-0.6256789,-0.4034014694839912,-0.28429854,-1.3961777804554871,-1.4221798,40.3669446550417,Richmondshire
E07000168,0.4232468525959126,0.17087793,0.08449746855129726,0.17371723,108736.0,-0.25738261146835395,0.050566614,-0.0883912030736881,-0.030255409,0.31976092068829565,0.45540178,-0.08141433246328708,-0.37841758,133.2549019607843,Scarborough
E07000169,-0.8051692601708429,-1.0265378,-0.794940210756129,-0.704166,89106.0,-1.076665639351944,-0.755774,-1.3106622504438934,-1.3063774,0.037970817038964634,0.14331743,-0.4786668057113278,-0.5926981,148.75792988313856,Selby
E07000170,1.0583937424494585,-0.16772719,0.6514672341994862,-0.008382707,127151.0,0.20550262715345505,0.019580373999999998,0.4476818502034184,0.1557303,0.4052737215946329,0.7157460999999999,0.15055105222443646,0.29112908,1155.918181818182,Ashfield
E07000171,-0.07700651754527169,0.09597305,-0.2158715366910521,0.056142307999999995,116839.0,-0.3331502229792646,-0.13717808,-0.29932322438132625,-0.41248158,0.7659037863468704,0.24716546,0.21928300136102707,-0.004384838,183.13322884012538,Bassetlaw
E07000172,0.827235896563732,0.6064628000000001,0.014227030307139581,0.276013,113272.0,-0.24275885391410884,-0.038216017000000005,0.1783488398611567,0.029676424,0.5116368197724366,0.065538086,0.0645887156590885,-0.12882926,1415.9,Broxtowe
E07000173,1.3085545446949003,1.3303945,0.5504732203680376,0.0049549573999999996,117786.0,0.06540869230781854,-0.1908018,0.4476818502034184,0.19419089,0.5181501440334196,0.19933167,0.11465050650115335,0.044878144,981.55,Gedling
E07000174,0.012420364754683529,0.13307378,-0.1722139456143546,-0.23730902,108841.0,-0.3972115539719875,-0.27968442,-0.3377796809010475,-0.28083417,0.323485030611162,0.5550391,-0.07829769527851903,0.048437,1413.5194805194806,Mansfield
E07000175,-0.2074364971844984,-0.25810462,-0.4253163307701833,-0.24313481,121566.0,-0.4137469651164826,-0.25971353,-0.3377796809010475,-0.22259435,0.12876181722264207,-0.18434681,-0.052508756214263985,-0.3346274,186.7373271889401,Newark and Sherwood
E07000176,0.8261858611158055,0.27544668,-0.5446525438568826,-0.3292389,117671.0,-0.5359742054743394,-0.41322225,0.2313201398867601,0.24405820000000003,0.3801490040201739,-0.42963950000000006,0.044737176374325914,-0.8202564,287.7041564792176,Rushcliffe
E07000177,0.6792694929736185,0.65046936,-1.2348024353447915,-0.99296755,149161.0,-0.8460396379336467,-0.40062356,0.4915470720232062,0.28200644,-0.6583023629872706,-0.6178234,-0.37418229360432215,-0.6877626,253.24448217317487,Cherwell
E07000178,-0.7300782213772379,-0.8466653000000001,-1.4116091455419917,-1.4383482,154327.0,-1.021659540982442,-1.0301276,-0.459906488019772,-0.4210487,-0.09396399881760174,-0.3113256,0.09864189948053607,0.14309943,3354.9347826086955,Oxford
E07000179,0.8497682365282708,1.0284431,-1.0129314186304088,-1.121816,140504.0,-0.6918562174808119,-0.72499746,0.4915470720232062,0.5733477,-0.8855195956959188,-1.1165065,-0.6759757982892848,-0.976526,206.9278350515464,South Oxfordshire
E07000180,1.0934981572259717,0.7485706,-0.9683053187053142,-0.6864876999999999,133732.0,-0.7127648082271686,-0.5203615,0.5340828380405936,0.39804918,-0.979924391576981,-0.61090976,-0.8455250291538824,-0.68841475,231.37024221453288,Vale of White Horse
E07000181,2.365263181088856,0.4392965999999999,-1.0036810658519784,-0.7209183000000001,109800.0,-0.9950282217632528,-0.6205202,0.7293377918397329,0.34828934,-0.8673585345527212,-0.6164805999999999,-0.9518424673001208,-0.7450995,153.78151260504202,West Oxfordshire
E07000187,-1.3693553583265057,-1.6921359,-1.7593534149989933,-1.8627403000000002,114881.0,-1.9818827208352503,-1.8722072,-1.7674162992245352,-1.865402,-1.2665518260671995,-1.2731663999999998,-1.4425544997676651,-1.5207066999999999,155.45466847090663,Mendip
E07000188,-0.7950637194334125,-0.2770641,-0.7701759800450209,-0.7610244,122791.0,-0.6510481321039232,-0.76686895,-0.8495828581525617,-0.31322283,-0.8826465671473313,-0.89112926,-0.834516444911492,-0.7357291,217.71453900709218,Sedgemoor
E07000189,-0.7638980211601231,-0.7618149999999999,-1.6703977080389685,-1.8180313000000001,167861.0,-1.3242709687257204,-0.844025,-0.377319559210146,-0.56083906,-1.157819510201959,-1.1584933000000002,-0.8127976215583947,-0.73387396,175.03753910323255,South Somerset
E07000192,-0.5021322172415087,-0.10082959400000001,0.2634307210180256,0.5036896,100109.0,-0.27217741099972514,-0.18385515,-0.8495828581525617,-0.7666101,0.3069797046734188,0.37326685,-0.18737943603094853,-0.17581370000000002,1267.2025316455697,Cannock Chase
E07000193,0.5362214740697899,0.19713423,1.7764622175642006,0.35729045,118574.0,0.5199955787984237,-0.036608055,0.0949437397322698,-0.13684985,0.6716183485388558,0.34695283,0.1947425253531519,-0.16186644,306.39276485788116,East Staffordshire
E07000194,-0.07231101105797003,-0.2348022,1.2613226337739727,0.55260926,103965.0,0.18493402859834548,-0.3410176,-0.459906488019772,-0.29782897,0.2259566847201202,-0.12368134,-0.18567628679675988,-0.38318828,314.09365558912384,Lichfield
E07000195,0.6582827557130139,0.03231239,0.7635700877981879,0.31685176,129490.0,0.2749678171834044,-0.12627016,0.2823647781706505,0.22843783,0.9843798642316678,0.38644412,0.4351837180574432,-0.06585729,613.696682464455,Newcastle-under-Lyme
E07000196,-0.04911480533716405,-0.32658654,0.17554843218120408,0.5585156,112126.0,-0.17207337434956405,-0.12680593,-0.3377796809010475,-0.09404318,0.7274113684846357,0.27383897,0.15279969721499265,-0.28564873,275.4938574938575,South Staffordshire
E07000197,0.3422023638067349,-0.10244117,0.25500361044235104,0.18425089,135880.0,0.11019003918652062,-0.026716365,0.1783488398611567,-0.13125268,0.5219724448739366,0.49172040000000006,0.2880248593191012,-0.11988758,227.22408026755852,Stafford
E07000198,-0.5390769247880811,0.30097458,0.3713995430170873,0.24120624,98397.0,-0.24275885391410884,-0.40709203,-0.9068795016888545,-0.44077694,0.3366129021870693,-0.14995152,-0.1925034319508864,-0.6025196999999999,170.828125,Staffordshire Moorlands
E07000199,-1.2597838705877618,-1.4978364,1.3423813879856363,1.1481667,76678.0,-0.17207337434956405,-0.35150479999999995,-2.1356636598574568,-1.9640238,0.4839314812132308,0.11710093,-0.4172627077882466,-0.61291087,2473.483870967742,Tamworth
E07000200,1.1079432719648803,0.94957215,-0.8676027399489772,-1.1051536,91401.0,-1.1050924747560935,-1.3089591,0.006267548189809357,-0.36445890000000003,-1.0043340452169351,-1.2865286,-1.3325711527501665,-1.6019021,153.87373737373738,Babergh
E07000202,-0.1948821966588213,-0.2509487,-0.3578032748260207,-0.8465125,137532.0,-0.21400895863336808,-0.41835663,-0.15524063993577902,0.23843613,-0.7685032554766649,-0.64682585,-0.5776871139674983,-0.21939278,3438.3,Ipswich
E07000203,-0.4151044239277903,0.23795071,-0.6977171893537063,-0.9104959,102493.0,-0.8228290612200083,-1.081691,-0.7415624296560859,-0.6398937,-1.2856189698788192,-1.3242924999999999,-1.6129194857565774,-1.4278866000000001,117.6727898966705,Mid Suffolk
E07000207,-0.042893700481302616,-0.29441515,-0.4121480114745166,-0.8431331,136626.0,-0.25738261146835395,-0.17998144,-0.0561237392647336,-0.12924002,-0.7086777457700815,-0.80096686,-0.5268734216995921,-0.74511,1438.1684210526316,Elmbridge
E07000208,-0.737318966493089,-0.857333,0.3840922282259275,0.0057339305000000005,79928.0,-0.4998305768783223,-0.87565327,-1.3908882487415135,-1.4518932,-0.5412561102574226,-0.6778930999999999,-1.0197861566222932,-1.3064126,2350.823529411765,Epsom and Ewell
E07000209,-0.5421507983581665,-0.7312793000000001,-0.9132189258078371,-1.0284574,147889.0,-0.5359742054743394,-0.59160006,-0.3377796809010475,-0.07345438,-0.7065047963632186,-0.43533900000000003,-0.4297118519334236,-0.2934256,545.7158671586716,Guildford
E07000210,0.5320888760905187,0.51659256,0.2957141731413414,-0.087805495,87253.0,-0.430501394691084,-0.59135777,-0.3377796809010475,-0.53714865,-0.6826306137072933,-0.68775564,-1.0404220956429946,-1.1050999,338.18992248062017,Mole Valley
E07000211,1.0923569837964082,0.9691424000000001,0.3371983489947252,-0.08805876,147757.0,0.2555068034860281,-0.31939033,0.6735593451615204,0.29765949999999997,-0.7206584482624335,-0.91330713,-0.4444009505555847,-0.57697266,1145.4031007751937,Reigate and Banstead
E07000212,-0.6447254074680899,-0.45424604,-0.1462048713947392,-0.47345996,88000.0,-0.6510481321039232,-0.65297335,-1.162781090314612,-0.77574915,-0.1933714464644676,-0.46452698,-0.6412736797598577,-0.4047562,1128.2051282051282,Runnymede
E07000213,-0.17012321458086865,-0.26841474,0.005099566394417253,-0.008911785,99334.0,-0.4137469651164826,-0.36134413,-0.5936812695268043,-1.0507436,-0.3861508837346397,-0.2950137,-0.634452046086875,-0.5501843000000001,2207.4222222222224,Spelthorne
E07000214,0.9130086494211104,0.28046528,-0.5832105932540425,-1.0469966,88874.0,-0.9183416556605856,-0.935939,-0.12141797058438852,-0.18052977,-0.6170692561879036,-0.9165884,-0.9583043629686129,-1.06528,935.5157894736842,Surrey Heath
E07000215,0.16192970482249908,0.13140407,-0.09836190134339604,-0.15935825,87496.0,-0.631127390638478,-0.78261226,-0.5476583641791758,-0.28700215,-0.7672499204929454,-0.8481972,-1.1192757357129948,-1.107836,352.80645161290323,Tandridge
E07000216,1.804756978677952,1.6166053,-0.4872311522405687,-1.0206064000000001,125610.0,-0.4137469651164826,-0.80162007,0.7293377918397329,0.70507544,-0.8324138385257147,-1.1190463,-0.7526304206082394,-1.0453516,364.0869565217391,Waverley
E07000217,-0.8325617705631342,-0.5878270999999999,-0.2503891644904721,-0.4427096,101167.0,-0.5359742054743394,-0.45789686,-1.162781090314612,-1.1282611,-0.4855980921950418,-0.31088140000000003,-0.6907904575618731,-0.5982786,1580.734375,Woking
E07000218,1.0455189883286475,0.06628233,0.8296834280075166,0.8079725999999999,64850.0,-0.5731810330738354,-0.7029233,-0.5030967529338161,-0.70256263,0.35441568486724495,0.20026332,-0.6836823687212756,-0.7072543,228.3450704225352,North Warwickshire
E07000219,-0.4622491502271415,-0.61248684,1.159592787723419,0.42239842,128902.0,0.4207336198049577,0.1321445,-0.459906488019772,-0.49438462,0.3224776783902327,0.69956595,0.12421991318000213,0.28008258,1631.6708860759493,Nuneaton and Bedworth
E07000220,0.5186104927324887,0.043465074000000006,-1.0857762987208823,-0.46976703,107194.0,-1.1050924747560935,-0.40411267,-0.0561237392647336,-0.46906307,-0.2933497541183191,-0.5708390999999999,-0.47432969450131,-0.50637,305.3960113960114,Rugby
E07000221,2.64057910462776,1.85325,-0.20252158593280348,-0.40959263,127580.0,-0.21400895863336808,-0.3922446,1.0241884051104442,0.31529406,-0.6640960778424625,-0.65165824,-0.5671169399892151,-0.5438257,130.44989775051124,Stratford-on-Avon
E07000222,-0.4835126009301289,0.25148115,-0.8803644265035145,-0.4356724,142484.0,-0.5544408245358098,-0.013206407,-0.3377796809010475,-0.17870764,-0.1028205629204706,0.04655,-0.002901220267450761,-0.1737319,503.47703180212017,Warwick
E07000223,0.09940064422796896,0.0683357,-1.2888498304911522,-1.3952118999999998,63869.0,-1.9818827208352503,-1.8243654999999999,-1.0290063088075792,-1.0755018,-1.2064774048542726,-1.3660603,-2.047639847966625,-1.8944784,1520.6904761904761,Adur
E07000224,-0.6576110337743124,-0.6003598000000001,-1.5400810936834004,-1.7238466000000001,159827.0,-1.1639375470583049,-1.0575339,-0.3377796809010475,-0.1365541,-1.2172933675842716,-1.0595062,-0.963987200469303,-0.99655014,723.1990950226244,Arun
E07000225,0.4363429071333488,-0.30468258,-1.4313317887920054,-1.4614471000000002,120750.0,-1.358929052888029,-1.5298662,0.06600306785399157,-0.16611396,-1.082698747913602,-0.8497766,-1.1008941479696028,-1.1900203999999999,153.6259541984733,Chichester
E07000226,-0.7890882015553452,-1.225108,-0.5976504775837432,-0.79417753,112448.0,-0.631127390638478,-0.50804573,-0.9666150213530368,-0.9436152,-0.8522579396598053,-0.7313491999999999,-0.9067816798411774,-0.65917844,2498.8444444444444,Crawley
E07000227,0.5464765501242296,0.68203413,-0.7261988678321982,-0.88910604,142217.0,-0.430501394691084,-0.5119670000000001,0.35561128491846544,0.67760676,-1.0050282860439437,-0.6445247,-0.802795111828185,-0.56032246,268.33396226415095,Horsham
E07000228,2.111110416833237,0.5368189999999999,-0.5608959679925439,-0.4607029,149716.0,-0.24275885391410884,-0.35253125,1.082075902310881,0.32556167,-0.8833297027271123,-0.9878379,-0.5973108898356976,-0.5429849,448.251497005988,Mid Sussex
E07000229,0.970982686449672,0.67183757,-1.2860167217551564,-1.5431840000000001,110025.0,-1.29053721119564,-1.1913207000000001,0.2050843693244258,0.23083366,-1.1421220523702529,-1.1822248,-1.2966086721799688,-1.2500084999999999,3334.090909090909,Worthing
E07000234,1.516370333536314,1.5524867,0.2393799025925681,-0.08542918,98662.0,-0.3022964753384197,-0.46374348,0.2823647781706505,0.38976154,0.02407643097700825,-0.11811335,-0.364760394282758,-0.6133134,454.66359447004606,Bromsgrove
E07000235,-0.2994640490839101,-0.15903665,-1.1276418922137266,-1.3980668,78113.0,-1.5480778650048597,-1.532081,-1.0290063088075792,-0.76629186,-0.9519771393800804,-1.0337394,-1.4571924155906388,-1.6999525000000002,135.37781629116117,Malvern Hills
E07000236,-1.2660514078297485,-1.2283906,-0.06818375830590606,0.2189631,84989.0,-0.6510481321039232,-0.2584877,-2.001888878350425,-1.6329305,0.03807467711230525,-0.061045237,-0.5353841703421843,-0.37220693,1573.8703703703704,Redditch
E07000237,0.15568643247928834,0.23083588,-1.1408218555104048,-1.0360502,101891.0,-1.2256542231815502,-0.58729917,-0.3377796809010475,-0.054934215,-0.4066906476664751,-0.7363012,-0.6197017010561183,-0.75925106,3087.6060606060605,Worcester
E07000238,0.9041207324687536,0.71795714,-0.6574584223008498,-0.6758105,127340.0,-0.5177733023974439,-0.55659115,0.3792013000160411,0.18204105,-0.7211519466497287,-0.7255550999999999,-0.6233723284470547,-0.47247496,191.77710843373495,Wychavon
E07000239,0.7395989915613417,1.4561453000000002,0.42143007543118394,0.19260004,101062.0,-0.18589800310098584,-0.42754716,-0.024581448738997345,-0.46607113,-0.2615425958433216,-0.117543034,-0.5223589106083183,-0.30897382,518.2666666666667,Wyre Forest
E07000244,0.035179441925033306,-0.009335063000000001,-0.3782170401158855,-0.46739018,248249.0,0.5199955787984237,-0.27848765,0.8346551422577142,0.8312695,-1.2056118491267211,-1.4247811000000001,-0.4167467850545752,-0.262735,196.7107765451664,East Suffolk
E07000245,-1.2359586981181463,-1.2943341999999998,-1.2478611859700468,-1.7484732,178881.0,-0.631127390638478,-0.6347729,-0.9068795016888545,-0.56805265,-1.2122665373705168,-0.8659885,-0.8207156331419807,-0.4862129,172.83188405797102,West Suffolk
E07000246,-1.0561754176747582,-0.39113572,-1.7886566912521615,-1.9124801,153866.0,-1.6768269620126866,-1.1597157,-0.8495828581525617,-0.5007811,-1.1156581041186793,-0.8964475000000001,-0.8558916075343387,-0.92112964,129.51683501683502,Somerset West and Taunton
E08000001,0.6935828032343595,0.8871995999999999,1.4135709096016824,1.2735746000000001,285372.0,1.514451313446061,1.5760013000000002,1.4093805130951809,1.1964396000000002,2.448205733178757,2.1101267000000004,1.8678883263507464,1.6840816000000003,2038.3714285714286,Bolton
E08000002,0.7513026605042854,0.54783314,2.068975728663521,1.6880328999999998,190108.0,1.2037816579325535,1.0015360999999998,0.8680751225062285,1.0207945999999999,2.3597294181998167,0.90671337,1.3559978701541835,0.6348108,1920.2828282828282,Bury
E08000003,-0.8935785026137651,-0.9495722,0.4545502811287667,0.20147435,547627.0,1.9667109269881315,1.9038834999999998,1.1376702134875578,1.0901221,2.7679855430320353,2.6965387,2.7342779545758957,2.6816892999999995,4720.922413793103,Manchester
E08000004,1.0113639666330378,0.6320423000000001,2.051211103711056,2.077692,235623.0,1.4701923052084491,1.4313122999999999,1.2923483498947057,1.3885969999999999,3.245435510488448,2.9647148,1.8374423334456933,1.7476021000000002,1659.3169014084508,Oldham
E08000005,-0.0385834836544996,-0.120501265,2.5174314073512356,2.2077174,220001.0,1.5108216382442061,1.1565671,0.6154721790143847,0.6800258000000001,2.86003893074373,3.0469717999999997,1.662794222212871,1.3022087,1392.4113924050632,Rochdale
E08000006,1.8058983943602316,1.6326519,1.2910598527754236,1.0254245000000002,254408.0,1.3272885553949092,1.3707548,1.7203312301918097,1.7772514,2.3927147280881087,2.3328938,1.7148280587050877,1.7333405,2622.762886597938,Salford
E08000007,0.9154726788557408,0.47742257,0.972556562563683,0.73426837,291775.0,1.3847957735904763,1.3517075,1.5482499385204629,1.5177356000000002,1.0508357714967564,0.8153836,1.437057343262445,1.0278962999999999,2315.6746031746034,Stockport
E08000008,0.5344923488043221,0.57471824,3.2657264543987505,2.501864,225197.0,1.7212960906168309,1.2551313999999998,0.994324026151478,0.98623186,1.8718766111134444,1.8250841,1.4155078954002729,1.1713354999999999,2186.378640776699,Tameside
E08000009,0.5717240992818817,-0.025657985,0.8660386000952024,0.77517414,236370.0,1.0771819937952187,1.1034003000000001,1.082075902310881,0.70910317,1.0857430616917283,0.14915024,1.1981245764749624,0.5605926,2229.9056603773583,Trafford
E08000010,-0.10162025348181916,-0.18267544,2.6701632017845784,2.5255419999999997,326088.0,2.0477144478259377,2.1013775000000003,1.1239767111319847,0.9751119,2.2931390930367286,2.1166542,1.9850045387684931,1.8096861000000002,1734.5106382978724,Wigan
E08000011,-0.3047992185417713,0.16651897,1.6825774030614369,1.8015248,149571.0,0.7846344509297329,0.6936244,-0.12141797058438852,-0.037540562,2.3381956700648443,1.7545587999999999,1.0621451704502909,0.6981301,1719.2068965517242,Knowsley
E08000012,0.6070755371526646,0.5980865,2.0032913536923784,1.9002976000000003,494814.0,2.394860849376112,2.3202345,2.137545400663353,2.0578005,2.0389536456291126,2.0638945,2.4115981183983437,2.3627844,4417.982142857143,Liverpool
E08000013,1.2273473541922488,0.5485772,0.8122867404843522,0.9845181000000001,180049.0,0.7115729369686785,0.89250934,1.0093356436689858,0.9862332,1.5652005088347116,1.4151534,1.0468526625689785,1.091071,1323.889705882353,St. Helens
E08000014,-0.17410607874245332,0.41536042,2.22003976853795,1.9963031999999998,275396.0,1.7151256347717705,1.1476256,0.8346551422577142,0.9190248,1.180216338834056,0.81038994,1.4181948717405268,1.0065295,1776.7483870967742,Sefton
E08000015,1.5464992643085425,1.37975,1.2488826404595803,1.2819835,323235.0,1.6154217750087736,1.4625819,1.9596401468664155,1.7074620999999999,0.5878628476181342,0.93309563,1.3596435027871483,1.3957478,2058.8216560509554,Wirral
E08000016,0.9162216362831336,0.7362449000000001,1.5281134344962966,1.2603147,245199.0,1.3604692365575073,1.2942618000000001,1.30450057176767,1.3714625,1.603247511051492,1.3762506,1.43043379538818,1.5548097,745.2857142857143,Barnsley
E08000017,0.7135185110124774,0.48300707,1.5643157834862524,1.4247670000000001,310542.0,1.6710685120042346,1.3020173000000002,1.5380420909201509,1.4200581,1.2989015339906305,0.7189269,1.6068739858447179,1.0761533,546.7288732394367,Doncaster
E08000018,0.9351299092956435,0.46716082,1.7194358242548144,1.2191448999999999,264671.0,1.5180706032969542,1.3735377,1.4205644197462644,0.8785709,1.5514518547699487,0.9646978,1.5045873538788228,1.3121021000000002,922.198606271777,Rotherham
E08000019,1.5640406936724696,1.5356588,0.08604089651769363,-0.07345651,582506.0,1.8665174182872943,1.7394737,2.7930462092883355,2.7175632000000003,1.6775370043598619,1.4023801000000002,2.493770996332075,2.3216891,1582.8967391304348,Sheffield
E08000021,1.4446694665333568,1.2934395,-0.5142097383810845,-0.6129954000000001,300196.0,0.6698678098451858,0.8700237,1.815967604158652,1.9426240000000001,2.36283919531467,2.0506291,1.9052077474871647,1.5891501000000001,2656.6017699115046,Newcastle upon Tyne
E08000022,0.22417565577179027,0.5389936,-0.22784105491889264,-0.3382745,205985.0,0.3769596692008351,0.5781016,0.6923995321780911,0.78809273,0.818313604111875,0.82449144,0.9227063624345296,1.0233749,2512.012195121951,North Tyneside
E08000023,1.842210705269672,1.8666935000000002,0.3947308305040417,0.060220063,150265.0,0.3036092130053221,0.15056442,0.994324026151478,0.95229113,1.3211464629521428,0.87246954,0.7437202339241278,0.62795174,2347.890625,South Tyneside
E08000024,2.375664087324038,1.7629143,1.3551199125947084,1.4670203000000002,277417.0,1.4588812825397908,1.4372528999999998,2.0335294623538602,1.7527808999999996,1.395293547805344,1.4416105,1.5064590770325441,1.7712778999999998,2024.941605839416,Sunderland
E08000025,-0.641404945935322,-0.6026524999999999,1.0339346101346762,0.779944,1141374.0,3.1333466728801946,3.0966125,2.4373122111088983,2.1848252,1.0510705781861396,0.8921856,3.0743583762437328,3.0008267999999996,4258.858208955224,Birmingham
E08000026,-0.6163359903515346,-0.5587528,-0.3607779640641825,-0.4333639,366785.0,1.0249042673433746,0.9642175999999999,0.8680751225062285,0.90345657,0.06346881450409475,-0.07461908,1.2349008490553444,1.1761304,3704.89898989899,Coventry
E08000027,-0.4638922584549818,-0.11205427,0.6257511323156232,0.6990109999999999,320626.0,1.3645562867686971,1.6091503,0.8176419296070669,0.8075965,0.8554759199250664,1.0526081,1.4697448077660404,1.4312775,3271.6938775510203,Dudley
E08000028,-1.0599008708272617,-1.0897246999999999,1.8798915367681064,1.6693565,327378.0,1.8359685124216127,1.7611651000000001,0.2050843693244258,0.23447318,1.2637083356146386,1.22909,1.6572171890993843,1.4624968999999999,3806.720930232558,Sandwell
E08000029,0.8077726227324294,-0.1190355,0.9580203971705832,0.88228726,214909.0,0.9924681070615508,0.8006906,1.0678263092751163,0.4778582,0.3897202699737078,0.49817732,0.7725976805070555,0.50272137,1207.3539325842696,Solihull
E08000030,0.2201619071322977,-0.05764633,1.776555413807137,1.6695677,283378.0,1.6220969405779169,1.5247726000000001,1.1376702134875578,1.1598424999999999,0.8781171933311798,1.0676954,1.3311259652843583,1.2707028,2724.7884615384614,Walsall
E08000031,0.11757849055088268,0.031261828,1.032861449872427,1.0441972,262008.0,1.2714416853494437,1.1366987,0.963810370965622,0.97977966,0.7531411764588919,0.8324450999999999,1.1829838246614894,1.1462510000000001,3797.217391304348,Wolverhampton
E08000032,0.5837017233142581,0.60267735,0.7782469419166471,0.84261453,537173.0,2.0805719040117108,2.0405784,2.240606202591349,2.224719,2.5744703060637533,2.4052974999999996,2.660994460890394,2.592355,1467.6857923497269,Bradford
E08000033,-0.6370449928216749,0.24049178,-0.2252691059028349,-0.041660167000000005,210082.0,0.4034053907467512,0.71613437,0.06600306785399157,0.7556691,1.3008760908013666,1.51112,1.1385002986996575,0.8304104999999999,577.1483516483516,Calderdale
E08000034,-0.03262776875970498,-0.23375520000000002,0.4701868914848012,0.35081437,438727.0,1.6932888740388614,1.8283509999999998,1.5883547485572307,1.2085117,1.718617157077601,1.5489594,2.1670081631359475,1.962898,1072.682151589242,Kirklees
E08000035,0.6558733774733979,0.6130057,0.4385034961397619,0.1253015,789194.0,2.4216803898500068,2.5519867,2.8179623581184448,2.548611,1.8076064644912668,1.8922709,2.900424334610737,2.9173505,1429.6992753623188,Leeds
E08000036,0.1573724008681211,0.767419,1.0215671797521684,1.0562273000000002,345038.0,1.6154217750087736,1.8828323,1.3752839491466782,1.5594616000000001,1.3600593335703208,1.2023026,1.7556159708713612,1.9067668000000002,1017.811209439528,Wakefield
E09000002,-1.4289579905228451,-1.7709625,0.4520333457121014,0.4318582,211998.0,0.7651234069382885,0.78604466,-1.0290063088075792,-0.6731372,0.06726321190295917,-0.113239184,0.5791481336140973,0.49110347,5888.833333333333,Barking and Dagenham
E09000003,-0.4361960848111287,-0.3857792,0.7266005724134648,0.46970046,392140.0,1.6614246970088904,1.6472460999999998,1.1239767111319847,1.0004573,-0.3611703444250474,-0.40997273,1.0325970371623159,1.0858862,4507.35632183908,Barnet
E09000004,-0.8295096055707247,-1.1878532,0.5751968181024084,0.6127286999999999,247258.0,1.0141843647119575,1.1972239,0.0949437397322698,-0.08308634,-0.14310916357725026,0.08593837,0.6323957210816817,0.5199134,4053.409836065574,Bexley
E09000005,-1.2048967432039857,-1.3273648,1.9943013062012669,1.8659841000000001,330795.0,1.8828746411290929,1.7758253000000002,0.006267548189809357,-0.13477986,-0.2452570910917115,-0.29009348,0.9123538136327988,0.8278144000000001,7692.906976744186,Brent
E09000006,-0.3234564004261357,-0.41190755,0.2158138480728173,0.21466666,331096.0,1.2176062866839743,1.0942696,0.9791501177326554,1.0310758,-0.5484472485848377,0.020887661999999998,0.6800762421022443,1.2880112,2207.306666666667,Bromley
E09000007,-1.5309666597838711,-1.7371645,-0.6709267292359621,-0.83358616,262226.0,0.3858364841556073,0.43418595,-0.9666150213530368,-0.9467266,-0.7780450210704045,-0.8540273000000002,0.18728146498796827,0.34081469999999997,11919.363636363636,Camden
E09000008,-0.1598877704935656,0.05805393,0.94047241411299,0.7275435,385346.0,1.7243700676822826,1.5179975,1.3165484814367712,1.0980583000000002,-0.538369302671893,-0.5330038,0.8707329703709719,0.7559513000000001,4480.767441860465,Croydon
E09000009,0.21457422567537074,-0.21136226,0.6289152996155339,0.39364704,341982.0,1.4474682041527822,1.5906627,1.398106774906516,1.315403,0.05357145401311976,-0.09569236,1.144976975315516,1.0259596,6106.821428571428,Ealing
E09000010,-0.2620320004359574,-0.5102934,0.6183423876066421,0.34468323,333869.0,1.4125977925136988,1.3357108999999998,1.038885637396837,0.9127146999999999,-0.25357166642990275,-0.32017103,0.917626102784726,0.71054476,4121.83950617284,Enfield
E09000011,-1.4666531202567763,-1.5642191,-0.00521526605065852,-0.2660763,286186.0,0.919199378595992,0.9375713,-0.690517791372196,-0.7883895000000001,-0.5579891562535598,-0.7200422,0.4969790304651862,0.3951833,6089.063829787234,Greenwich
E09000012,-1.5594437994861376,-1.7481871999999998,0.1370395489575304,-0.052930824,288371.0,1.0033728378703035,0.9831394,-0.9068795016888545,-0.85989267,-0.3095102318877284,-0.33092666,0.7018034725627426,0.56753635,13107.772727272728,Hackney and City of London
E09000013,0.10382104473643693,0.13028835,-0.4074603412554715,-0.584106,185426.0,0.1319999060236727,0.19162703,0.4697858166090294,0.6110230999999999,-0.2480256298243981,-0.31979209999999997,0.21563376352175895,0.09594358,11589.125,Hammersmith and Fulham
E09000014,-1.4778561329873152,-1.6386666,0.6751385129095847,0.47358653,270624.0,1.1709242017467802,1.152203,-0.7945337296816892,-0.80596846,-0.4898101193426284,-0.38910043,0.4868172367933808,0.29130235,9020.8,Haringey
E09000015,-0.7932824698887468,-0.9433333,2.189237427695661,2.086963,250149.0,1.5849397954646287,1.468983,0.15109414158913942,0.18108176,-0.1927986556023168,-0.26829636,0.6130864595298532,0.6319256999999999,5002.98,Harrow
E09000016,-0.8563853263610111,-0.89907205,1.5771246303459048,1.170549,257810.0,1.4398018719599783,1.3730093,0.12329971139028426,0.22466353,0.4259115113301978,0.53020984,1.0093984631699624,1.0514139999999998,2301.875,Havering
E09000017,-0.5463595265227545,-0.56257087,0.3056305977939319,0.17095193,304824.0,1.1565768917185872,1.0199252,0.6735593451615204,0.6275301,-0.16225998682327275,-0.4573126,0.8709094193564287,0.7330428000000001,2627.793103448276,Hillingdon
E09000018,-1.267151548216458,-1.1086926000000001,0.36664854365045263,0.18156004,270782.0,1.0355340856946658,0.9047328000000001,-0.377319559210146,-0.38395736,-0.18079230994903087,-0.27547345,0.7163404347655963,0.7533963,4835.392857142857,Hounslow
E09000019,-1.0523400403969825,-1.0977459999999999,-0.7534003733598009,-0.9449283000000002,239142.0,0.20550262715345505,0.25186634,-0.2254339088938823,-0.26784083,-0.6382238620129421,-0.6071951999999999,0.2107507902116421,0.24021034,15942.8,Islington
E09000020,-0.8682990193641665,-1.0702639999999999,-0.20179807367111927,-0.2851435,156197.0,0.042409132516834716,0.023916462000000003,-0.5936812695268043,-0.61631185,-0.5208949572824244,-0.61306125,-0.19850920541709685,-0.15627061,13016.416666666666,Kensington and Chelsea
E09000021,-0.7127450492358085,0.08152999,-0.4375778130189213,-0.573729,175470.0,0.042409132516834716,-0.066609554,-0.26189239659445224,-0.3079343,-0.27393249329264074,-0.37986884,0.13110216511367398,-0.14591402,4742.4324324324325,Kingston upon Thames
E09000022,-1.4254877898662734,-1.3404105,0.15273868313617855,0.16225234,325917.0,1.1661598234592836,1.1325312,-0.4180056791986676,-0.35863188,-0.4804923905818552,-0.5510185000000001,0.7175439384306703,0.703073,12071.0,Lambeth
E09000023,-1.4603245844328638,-1.4447595,0.4486392615548585,0.3139842,303536.0,1.2176062866839743,0.9840780000000001,-0.5936812695268043,-0.46720716,-0.7213116106629556,-0.6780695999999999,0.419096138446272,0.32087085,8672.457142857143,Lewisham
E09000024,-1.040804144682273,-1.2895398999999999,0.4116195252448233,0.34066704,206186.0,0.7115729369686785,0.65820205,-0.4180056791986676,-0.55631834,-0.4611713068162624,-0.5972553,0.18353347061893013,-0.009476835,5425.9473684210525,Merton
E09000025,-1.2039846426050922,-1.350851,0.2295370891202696,0.40163806,352005.0,1.3018190854267917,1.3234858999999999,0.0949437397322698,-0.050507512000000004,-0.06470650907970127,-0.35318854,1.1070322513374349,1.0787368,9777.916666666666,Newham
E09000026,-1.210208487304913,-1.3509123,1.275811480375972,1.1297780000000002,303858.0,1.5466580559243432,1.5260538000000001,-0.12141797058438852,-0.06141222599999999,0.315372830288237,0.31058198,1.149741722206175,0.9469440999999998,5426.035714285715,Redbridge
E09000027,-0.6366922233247605,-0.8598027,-0.4737371368527548,-0.7022706999999999,196904.0,0.16402543785198875,0.20316629999999997,-0.024581448738997345,-0.1072816,-0.6868368690551809,-0.85857064,-0.06745275599669723,-0.13053249,3454.4561403508774,Richmond upon Thames
E09000028,-0.826942637722646,-1.0272626,-0.4577056838886355,-0.49026325,317256.0,0.7781641506845327,0.8835447,0.4476818502034184,0.42159012,-0.6108031577880666,-0.6912884,0.5746399810041108,0.49266508,10939.862068965518,Southwark
E09000029,-0.7218169527673176,-0.77990514,-0.06229900935606945,-0.37014234,204525.0,0.4630432809626748,0.6145473000000001,-0.0561237392647336,0.18714437,-0.5092873989347628,-0.30064943,0.13469146680574814,0.22678442,4648.295454545455,Sutton
E09000030,-1.4483399087154238,-1.5630213,-0.5959311247406998,-0.8056249,317705.0,0.6839228537780184,0.6467815,-0.5030967529338161,-0.5802029000000001,-0.03451201778549614,-0.13247576,1.002935506708429,0.9032921,15885.25,Tower Hamlets
E09000031,-1.537152111712118,-1.6946108,0.4753374029075175,0.3048734,276700.0,1.1125319452503415,1.0182084999999998,-0.9068795016888545,-0.6876924,-0.12827465274295516,-0.11065961,0.7771847977641484,0.66507834,7094.871794871795,Waltham Forest
E09000032,-1.446068734111186,-1.6367606000000001,-0.5205129808679851,-0.5395135,326474.0,0.7716605839679782,0.68748385,-0.459906488019772,-0.39174548,-0.5274593327767114,-0.5760719,0.6809033182565236,0.47426414,9602.176470588236,Wandsworth
E09000033,-1.2920715665657,-1.4685236000000002,-0.33642784308379897,-0.48446864,255324.0,0.5820910364606334,0.62366414,-0.5030967529338161,-0.47214955,-0.6030532597226138,-0.805423,0.32083418987277507,0.34161773,12158.285714285714,Westminster
E10000003,-0.7330753385522808,-0.27179432,-0.9366362178188644,-1.0185039,651482.0,1.3188555845621373,1.2106712,1.558384082607304,1.5514019,-1.0081189214677977,-0.8950982,1.0200413816492904,0.47759798,213.8811556139199,Cambridgeshire
E10000015,-1.3158644067937728,-1.3584998,-1.5666574419288335,-1.6851870999999998,1184365.0,1.3272885553949092,1.1892716,1.6079854581846444,1.6307167,-1.4385586841715727,-1.5666653999999998,1.016295823894772,1.0757921,720.8551430310408,Hertfordshire
W06000002,-1.065192101735816,-1.0194317,-0.9116644868528164,-1.1031291,124178.0,-0.7556482688684909,-0.79475725,-1.162781090314612,-1.0745746999999999,-1.0355481431810258,-0.93175054,-1.0045387420013672,-1.0901651,48.98540433925049,Gwynedd
W06000003,-1.1125046023642309,-0.3059578,0.2241746881287572,0.15874083,117181.0,-0.0921557951494232,-0.6080331999999999,-1.3106622504438934,-1.0008274,-0.7065100336070899,-0.69958246,-0.7090760332889435,-1.1023825,104.06838365896981,Conwy
W06000004,0.043652728657578535,0.5361312,1.0397336576585987,-0.0036914996,95330.0,-0.004883887443063131,-0.6433548000000001,-0.5030967529338161,-0.7177279000000001,-0.36142874206438463,-0.5738886999999999,-0.6651421692536493,-1.0156018,113.89486260454002,Denbighshire
W06000005,-0.945189669503372,-0.5410510000000001,0.6962045027086753,0.26422116,155593.0,0.4795786921071699,0.058178565999999994,-0.690517791372196,-0.7151063,-0.2469566596280497,-0.12184273,0.005836173884566107,0.3676821,356.04805491990845,Flintshire
W06000006,-1.1083114737407471,-0.116277486,0.5214717613491966,0.25658998,136126.0,0.23574169917118426,0.14180006,-1.0943005401272343,-0.2373611,0.5370253005775714,0.370899,0.29745018063744405,0.10229734,270.0912698412698,Wrexham
W06000008,-1.2179629417666888,-1.3520023,-1.6741455630813908,-1.9171426,72992.0,-2.384707882796792,-2.4715376,-2.1356636598574568,-2.1330526,-1.1671844991784504,-1.021195,-1.826460907086063,-2.0956867,40.868980963045914,Ceredigion
W06000010,-0.5306025397986175,-0.41570429999999997,-1.1020317027068351,-0.6514281,187568.0,-0.4137469651164826,0.25865029999999994,0.006267548189809357,0.031983275,-0.2340702893320879,-0.33839732,0.23915787055951224,-0.21978909,79.14261603375527,Carmarthenshire
W06000011,0.2308925120610628,0.28155759999999996,0.2101618605031745,-0.053845037000000005,246466.0,0.8414243790919504,0.565807,0.9483011208038488,1.4617778000000001,0.8821157428086066,1.0472788,1.1653049123205979,0.76527375,648.5947368421052,Swansea
W06000012,0.4449033026724932,0.5400939,0.21310721673480848,0.34941563,142906.0,0.15344009624829572,0.4067265,0.3072074241933553,0.28938228,0.9893062976961178,1.0771806000000002,0.5555186370095353,0.81239057,324.0498866213152,Neath Port Talbot
W06000013,-0.4223394941734748,-0.32029313,0.8152633757644395,0.9076215,144876.0,0.4378276764295033,0.32618102,-0.26189239659445224,0.20367962,0.5919989008641638,0.4189597,0.3983517167909513,0.34730634,577.1952191235059,Bridgend
W06000014,-0.5984799945820622,-0.20566739,0.18853332964266611,0.36352825,132165.0,0.042409132516834716,-0.0042292117,-0.5476583641791758,-0.10018428,-0.3779311362907741,0.08335653,-0.2854443021856906,0.05373576,399.29003021148037,Vale of Glamorgan
W06000015,0.6316997725826093,0.74241835,0.2104482482301339,-0.15974225,364248.0,1.335665678329134,1.0539658,1.7203312301918097,1.3299301000000001,0.7684354921825889,0.82936466,1.5851769741071684,1.7901186999999998,2583.31914893617,Cardiff
W06000016,1.191181351077907,0.8739758,2.7756625149459384,2.3109062000000002,240131.0,1.6869799285920062,1.3278918,1.398106774906516,1.1148303999999998,1.851679421442521,1.7913944,1.4862362788497676,1.4896684,566.3466981132076,Rhondda Cynon Taf
W06000018,-0.8952208932186388,-0.6610303000000001,0.7273759260210604,1.441077,181019.0,0.6839228537780184,0.70699835,-0.4180056791986676,-0.31584309999999993,0.6962645065693268,0.6071325,0.7137286963716274,0.9520238999999999,653.4981949458484,Caerphilly
W06000019,0.4625768216305883,0.30127165,1.4905012671979654,1.3706049999999999,69713.0,-0.24275885391410884,-0.13582239,-0.690517791372196,-0.53706837,1.701764874980261,1.4746066,-0.046431304134589006,0.12963010000000003,639.5688073394496,Blaenau Gwent
W06000020,-0.7912821642534429,-0.45649534,0.990553819583048,0.5702706999999999,93049.0,-0.054013982704404113,-0.16615874,-1.2347749661372982,-0.6999916,0.2304579029943943,0.7908864999999999,-0.3163548744441901,0.08244973400000001,738.484126984127,Torfaen
W06000021,-0.06435407355647065,0.811082,0.004196938000743722,-0.12494749,94142.0,-0.4821388068088713,-0.49690822,-0.5936812695268043,-0.32228628,-0.47737670017810396,-0.56517684,-0.7705045480194108,-0.6589520999999999,110.88574793875148,Monmouthshire
W06000022,0.5216763948232379,-0.13280834,0.4407164561006157,0.38196379999999996,153302.0,0.34994922786284244,0.37864217,0.4476818502034184,-0.018246664,0.2718491133800424,0.6186619999999999,0.30538978865584737,0.35964927,802.6282722513089,Newport
W06000023,0.4531361233307337,0.5176114,-0.6994353100821348,-1.0653127,132447.0,-0.4998305768783223,-0.6165288000000001,0.2050843693244258,0.074975744,-0.9856187972000826,-1.0940667,-0.8641000550895639,-0.9571386000000001,25.563983786913724,Powys
W06000024,1.921593635043192,0.63142616,1.842833751578857,1.5742348,60183.0,-0.31762928052329165,-0.28247485,-0.26189239659445224,-1.0150923,2.434473755079625,1.5671191999999998,-0.003997880207973935,-0.3248481,542.1891891891892,Merthyr Tydfil
